create database dbAnime;

create table dbAnime.tbANIMEUser(
	 id INT NOT NULL AUTO_INCREMENT PRIMARY KEY,
     fldUserName VARCHAR(1023) NOT NULL,
     fldPasswordHash VARCHAR(1023) NOT NULL
);

create table dbAnime.tbANIMERole(
	 id INT NOT NULL AUTO_INCREMENT PRIMARY KEY,
     fldName VARCHAR(1023) NOT NULL,
     fldDescription VARCHAR(1023) NOT NULL
);

create table dbAnime.tbANIMEUserNNRole(
	 id INT NOT NULL AUTO_INCREMENT PRIMARY KEY,
     fldLinkUser INT NOT NULL,
     fldLinkRole INT NOT NULL
);

ALTER TABLE dbAnime.tbANIMEUserNNRole ADD CONSTRAINT fkUserId FOREIGN KEY (fldLinkUser) REFERENCES dbAnime.tbANIMEUser(id);
ALTER TABLE dbAnime.tbANIMEUserNNRole ADD CONSTRAINT fkRoleId FOREIGN KEY (fldLinkRole) REFERENCES dbAnime.tbANIMERole(id);

create view userInfo as (select tbANIMEUser.id as userId, tbANIMEUser.fldUserName as userName, tbANIMEUser.fldPasswordHash as userPasswordHash, 
group_concat(distinct tbANIMERole.fldName separator ',') as userRoleNames,
group_concat(distinct tbANIMERole.id separator ',') as userRoleIds
from tbANIMEUser
inner join tbANIMEUserNNRole
on tbANIMEUser.id = tbANIMEUserNNRole.fldLinkUser
inner join tbANIMERole
on tbANIMERole.id = tbANIMEUserNNRole.fldLinkRole
group by tbANIMEUser.id);

INSERT INTO `dbanime`.`tbanimerole` (`id`, `fldName`, `fldDescription`) VALUES ('1', 'ADMIN', 'Admin');
INSERT INTO `dbanime`.`tbanimerole` (`id`, `fldName`, `fldDescription`) VALUES ('2', 'MODERATOR', 'Moderator');
INSERT INTO `dbanime`.`tbanimerole` (`id`, `fldName`, `fldDescription`) VALUES ('3', 'USER', 'Default user');

INSERT INTO `dbanime`.`tbanimeuser` (`id`, `fldUserName`, `fldPasswordHash`) VALUES ('1', 'Admin', '8c6976e5b5410415bde908bd4dee15dfb167a9c873fc4bb8a81f6f2ab448a918');
INSERT INTO `dbanime`.`tbanimeuser` (`id`, `fldUserName`, `fldPasswordHash`) VALUES ('2', 'Moderator', 'cfde2ca5188afb7bdd0691c7bef887baba78b709aadde8e8c535329d5751e6fe');
INSERT INTO `dbanime`.`tbanimeuser` (`id`, `fldUserName`, `fldPasswordHash`) VALUES ('3', 'User', '04f8996da763b7a969b1028ee3007569eaf3a635486ddab211d512c85b9df8fb');

INSERT INTO `dbanime`.`tbanimeusernnrole` (`id`, `fldLinkUser`, `fldLinkRole`) VALUES ('1', '1', '1');
INSERT INTO `dbanime`.`tbanimeusernnrole` (`id`, `fldLinkUser`, `fldLinkRole`) VALUES ('2', '1', '2');
INSERT INTO `dbanime`.`tbanimeusernnrole` (`id`, `fldLinkUser`, `fldLinkRole`) VALUES ('3', '1', '3');
INSERT INTO `dbanime`.`tbanimeusernnrole` (`id`, `fldLinkUser`, `fldLinkRole`) VALUES ('4', '2', '2');
INSERT INTO `dbanime`.`tbanimeusernnrole` (`id`, `fldLinkUser`, `fldLinkRole`) VALUES ('5', '2', '3');
INSERT INTO `dbanime`.`tbanimeusernnrole` (`id`, `fldLinkUser`, `fldLinkRole`) VALUES ('6', '3', '3');

create table dbANIME.tbANIMEAuth(
	 id INT NOT NULL AUTO_INCREMENT PRIMARY KEY,
     fldJWT VARCHAR(4096) NOT NULL,
     fldExpirationDate DATE NOT NULL,
     fldLinkUser INT NOT NULL
);

ALTER TABLE dbANIME.tbANIMEAuth ADD CONSTRAINT fkUserIdforAuth FOREIGN KEY (fldLinkUser) REFERENCES dbANIME.tbANIMEUser(id);

create view authInfo as (select tbANIMEAuth.id as id, tbANIMEUser.id as userId, tbANIMEUser.fldUserName as userName,
group_concat(distinct tbANIMERole.fldName separator ',') as userRoleNames,
group_concat(distinct tbANIMERole.id separator ',') as userRoleIds,
tbANIMEAuth.fldJWT as jwt,
tbANIMEAuth.fldExpirationDate as expirationDate
from tbANIMEUser
inner join tbANIMEUserNNRole
on tbANIMEUser.id = tbANIMEUserNNRole.fldLinkUser
inner join tbANIMERole
on tbANIMERole.id = tbANIMEUserNNRole.fldLinkRole
inner join tbANIMEAuth
on tbANIMEUser.id = tbANIMEAuth.fldLinkUser
group by tbANIMEUser.id);

create table dbANIME.tbANIMEStudio(
	 id INT NOT NULL AUTO_INCREMENT PRIMARY KEY,
     fldName VARCHAR(1023) NOT NULL,
     fldDescription VARCHAR(1023)
);

INSERT INTO `dbanime`.`tbanimestudio` (`fldName`, `fldDescription`) VALUES ('10Gauge', '10Gauge');
INSERT INTO `dbanime`.`tbanimestudio` (`fldName`, `fldDescription`) VALUES ('12 Diary Holders', '12 Diary Holders');
INSERT INTO `dbanime`.`tbanimestudio` (`fldName`, `fldDescription`) VALUES ('1st PLACE', '1st PLACE');
INSERT INTO `dbanime`.`tbanimestudio` (`fldName`, `fldDescription`) VALUES ('3xCube', '3xCube');
INSERT INTO `dbanime`.`tbanimestudio` (`fldName`, `fldDescription`) VALUES ('4Kids Entertainment', '4Kids Entertainment');
INSERT INTO `dbanime`.`tbanimestudio` (`fldName`, `fldDescription`) VALUES ('501st JOINT FIGHTER WING', '501st JOINT FIGHTER WING');
INSERT INTO `dbanime`.`tbanimestudio` (`fldName`, `fldDescription`) VALUES ('5pb.', '5pb.');
INSERT INTO `dbanime`.`tbanimestudio` (`fldName`, `fldDescription`) VALUES ('81 Produce', '81 Produce');
INSERT INTO `dbanime`.`tbanimestudio` (`fldName`, `fldDescription`) VALUES ('8bit', '8bit');
INSERT INTO `dbanime`.`tbanimestudio` (`fldName`, `fldDescription`) VALUES ('A', 'A');
INSERT INTO `dbanime`.`tbanimestudio` (`fldName`, `fldDescription`) VALUES ('A Line', 'A Line');
INSERT INTO `dbanime`.`tbanimestudio` (`fldName`, `fldDescription`) VALUES ('A-1 Pictures', 'A-1 Pictures');
INSERT INTO `dbanime`.`tbanimestudio` (`fldName`, `fldDescription`) VALUES ('A-Real', 'A-Real');
INSERT INTO `dbanime`.`tbanimestudio` (`fldName`, `fldDescription`) VALUES ('A.C.G.T.', 'A.C.G.T.');
INSERT INTO `dbanime`.`tbanimestudio` (`fldName`, `fldDescription`) VALUES ('ABC Animation', 'ABC Animation');
INSERT INTO `dbanime`.`tbanimestudio` (`fldName`, `fldDescription`) VALUES ('AC Create', 'AC Create');
INSERT INTO `dbanime`.`tbanimestudio` (`fldName`, `fldDescription`) VALUES ('Academy Productions', 'Academy Productions');
INSERT INTO `dbanime`.`tbanimestudio` (`fldName`, `fldDescription`) VALUES ('ACC Production', 'ACC Production');
INSERT INTO `dbanime`.`tbanimestudio` (`fldName`, `fldDescription`) VALUES ('ACiD FiLM', 'ACiD FiLM');
INSERT INTO `dbanime`.`tbanimestudio` (`fldName`, `fldDescription`) VALUES ('Actas', 'Actas');
INSERT INTO `dbanime`.`tbanimestudio` (`fldName`, `fldDescription`) VALUES ('Active', 'Active');
INSERT INTO `dbanime`.`tbanimestudio` (`fldName`, `fldDescription`) VALUES ('Adores', 'Adores');
INSERT INTO `dbanime`.`tbanimestudio` (`fldName`, `fldDescription`) VALUES ('Adult Source Media', 'Adult Source Media');
INSERT INTO `dbanime`.`tbanimestudio` (`fldName`, `fldDescription`) VALUES ('ADV Films', 'ADV Films');
INSERT INTO `dbanime`.`tbanimestudio` (`fldName`, `fldDescription`) VALUES ('Advance Syakujii', 'Advance Syakujii');
INSERT INTO `dbanime`.`tbanimestudio` (`fldName`, `fldDescription`) VALUES ('Age', 'Age');
INSERT INTO `dbanime`.`tbanimestudio` (`fldName`, `fldDescription`) VALUES ('Age Global Networks', 'Age Global Networks');
INSERT INTO `dbanime`.`tbanimestudio` (`fldName`, `fldDescription`) VALUES ('Agent 21', 'Agent 21');
INSERT INTO `dbanime`.`tbanimestudio` (`fldName`, `fldDescription`) VALUES ('Ai Addiction', 'Ai Addiction');
INSERT INTO `dbanime`.`tbanimestudio` (`fldName`, `fldDescription`) VALUES ('Ai ga areba Daijobu', 'Ai ga areba Daijobu');
INSERT INTO `dbanime`.`tbanimestudio` (`fldName`, `fldDescription`) VALUES ('AIC', 'AIC');
INSERT INTO `dbanime`.`tbanimestudio` (`fldName`, `fldDescription`) VALUES ('AIC A.S.T.A.', 'AIC A.S.T.A.');
INSERT INTO `dbanime`.`tbanimestudio` (`fldName`, `fldDescription`) VALUES ('AIC Build', 'AIC Build');
INSERT INTO `dbanime`.`tbanimestudio` (`fldName`, `fldDescription`) VALUES ('AIC Classic', 'AIC Classic');
INSERT INTO `dbanime`.`tbanimestudio` (`fldName`, `fldDescription`) VALUES ('AIC Frontier', 'AIC Frontier');
INSERT INTO `dbanime`.`tbanimestudio` (`fldName`, `fldDescription`) VALUES ('AIC Plus+', 'AIC Plus+');
INSERT INTO `dbanime`.`tbanimestudio` (`fldName`, `fldDescription`) VALUES ('AIC Spirits', 'AIC Spirits');
INSERT INTO `dbanime`.`tbanimestudio` (`fldName`, `fldDescription`) VALUES ('AIC Takarazuka', 'AIC Takarazuka');
INSERT INTO `dbanime`.`tbanimestudio` (`fldName`, `fldDescription`) VALUES ('Aikikaku Center', 'Aikikaku Center');
INSERT INTO `dbanime`.`tbanimestudio` (`fldName`, `fldDescription`) VALUES ('Aiko', 'Aiko');
INSERT INTO `dbanime`.`tbanimestudio` (`fldName`, `fldDescription`) VALUES ('AIR AGENCY', 'AIR AGENCY');
INSERT INTO `dbanime`.`tbanimestudio` (`fldName`, `fldDescription`) VALUES ('Ajia-Do', 'Ajia-Do');
INSERT INTO `dbanime`.`tbanimestudio` (`fldName`, `fldDescription`) VALUES ('Akabanten', 'Akabanten');
INSERT INTO `dbanime`.`tbanimestudio` (`fldName`, `fldDescription`) VALUES ('Akita Shoten', 'Akita Shoten');
INSERT INTO `dbanime`.`tbanimestudio` (`fldName`, `fldDescription`) VALUES ('AKOM', 'AKOM');
INSERT INTO `dbanime`.`tbanimestudio` (`fldName`, `fldDescription`) VALUES ('Alchemist', 'Alchemist');
INSERT INTO `dbanime`.`tbanimestudio` (`fldName`, `fldDescription`) VALUES ('Allure', 'Allure');
INSERT INTO `dbanime`.`tbanimestudio` (`fldName`, `fldDescription`) VALUES ('Amber Film Works', 'Amber Film Works');
INSERT INTO `dbanime`.`tbanimestudio` (`fldName`, `fldDescription`) VALUES ('AMG MUSIC', 'AMG MUSIC');
INSERT INTO `dbanime`.`tbanimestudio` (`fldName`, `fldDescription`) VALUES ('Amgakuin', 'Amgakuin');
INSERT INTO `dbanime`.`tbanimestudio` (`fldName`, `fldDescription`) VALUES ('Amino', 'Amino');
INSERT INTO `dbanime`.`tbanimestudio` (`fldName`, `fldDescription`) VALUES ('Amuse', 'Amuse');
INSERT INTO `dbanime`.`tbanimestudio` (`fldName`, `fldDescription`) VALUES ('Amuse Pictures', 'Amuse Pictures');
INSERT INTO `dbanime`.`tbanimestudio` (`fldName`, `fldDescription`) VALUES ('An DerCen', 'An DerCen');
INSERT INTO `dbanime`.`tbanimestudio` (`fldName`, `fldDescription`) VALUES ('Anchor Bay Films', 'Anchor Bay Films');
INSERT INTO `dbanime`.`tbanimestudio` (`fldName`, `fldDescription`) VALUES ('Angelfish', 'Angelfish');
INSERT INTO `dbanime`.`tbanimestudio` (`fldName`, `fldDescription`) VALUES ('ANIK', 'ANIK');
INSERT INTO `dbanime`.`tbanimestudio` (`fldName`, `fldDescription`) VALUES ('Animac', 'Animac');
INSERT INTO `dbanime`.`tbanimestudio` (`fldName`, `fldDescription`) VALUES ('AniMan', 'AniMan');
INSERT INTO `dbanime`.`tbanimestudio` (`fldName`, `fldDescription`) VALUES ('Animaruya', 'Animaruya');
INSERT INTO `dbanime`.`tbanimestudio` (`fldName`, `fldDescription`) VALUES ('Animate Film', 'Animate Film');
INSERT INTO `dbanime`.`tbanimestudio` (`fldName`, `fldDescription`) VALUES ('Animatic', 'Animatic');
INSERT INTO `dbanime`.`tbanimestudio` (`fldName`, `fldDescription`) VALUES ('Animation 21', 'Animation 21');
INSERT INTO `dbanime`.`tbanimestudio` (`fldName`, `fldDescription`) VALUES ('Animation Do', 'Animation Do');
INSERT INTO `dbanime`.`tbanimestudio` (`fldName`, `fldDescription`) VALUES ('Animatsu', 'Animatsu');
INSERT INTO `dbanime`.`tbanimestudio` (`fldName`, `fldDescription`) VALUES ('Animax', 'Animax');
INSERT INTO `dbanime`.`tbanimestudio` (`fldName`, `fldDescription`) VALUES ('Anime Antenna Iinkai', 'Anime Antenna Iinkai');
INSERT INTO `dbanime`.`tbanimestudio` (`fldName`, `fldDescription`) VALUES ('Anime Consortium Japan', 'Anime Consortium Japan');
INSERT INTO `dbanime`.`tbanimestudio` (`fldName`, `fldDescription`) VALUES ('Anime Midstream', 'Anime Midstream');
INSERT INTO `dbanime`.`tbanimestudio` (`fldName`, `fldDescription`) VALUES ('Anime R', 'Anime R');
INSERT INTO `dbanime`.`tbanimestudio` (`fldName`, `fldDescription`) VALUES ('Animeigo', 'Animeigo');
INSERT INTO `dbanime`.`tbanimestudio` (`fldName`, `fldDescription`) VALUES ('Aniplex', 'Aniplex');
INSERT INTO `dbanime`.`tbanimestudio` (`fldName`, `fldDescription`) VALUES ('Aniplex of America', 'Aniplex of America');
INSERT INTO `dbanime`.`tbanimestudio` (`fldName`, `fldDescription`) VALUES ('Ankama', 'Ankama');
INSERT INTO `dbanime`.`tbanimestudio` (`fldName`, `fldDescription`) VALUES ('Annapuru', 'Annapuru');
INSERT INTO `dbanime`.`tbanimestudio` (`fldName`, `fldDescription`) VALUES ('Anpro', 'Anpro');
INSERT INTO `dbanime`.`tbanimestudio` (`fldName`, `fldDescription`) VALUES ('Apollon', 'Apollon');
INSERT INTO `dbanime`.`tbanimestudio` (`fldName`, `fldDescription`) VALUES ('APPP', 'APPP');
INSERT INTO `dbanime`.`tbanimestudio` (`fldName`, `fldDescription`) VALUES ('AQUAPLUS', 'AQUAPLUS');
INSERT INTO `dbanime`.`tbanimestudio` (`fldName`, `fldDescription`) VALUES ('Arcs Create', 'Arcs Create');
INSERT INTO `dbanime`.`tbanimestudio` (`fldName`, `fldDescription`) VALUES ('Arcturus', 'Arcturus');
INSERT INTO `dbanime`.`tbanimestudio` (`fldName`, `fldDescription`) VALUES ('Armor', 'Armor');
INSERT INTO `dbanime`.`tbanimestudio` (`fldName`, `fldDescription`) VALUES ('Arms', 'Arms');
INSERT INTO `dbanime`.`tbanimestudio` (`fldName`, `fldDescription`) VALUES ('Arplants', 'Arplants');
INSERT INTO `dbanime`.`tbanimestudio` (`fldName`, `fldDescription`) VALUES ('Artland', 'Artland');
INSERT INTO `dbanime`.`tbanimestudio` (`fldName`, `fldDescription`) VALUES ('Artmic', 'Artmic');
INSERT INTO `dbanime`.`tbanimestudio` (`fldName`, `fldDescription`) VALUES ('Asahi Broadcasting Corporation', 'Asahi Broadcasting Corporation');
INSERT INTO `dbanime`.`tbanimestudio` (`fldName`, `fldDescription`) VALUES ('Asahi Production', 'Asahi Production');
INSERT INTO `dbanime`.`tbanimestudio` (`fldName`, `fldDescription`) VALUES ('Asahi Shimbun', 'Asahi Shimbun');
INSERT INTO `dbanime`.`tbanimestudio` (`fldName`, `fldDescription`) VALUES ('Asatsu DK', 'Asatsu DK');
INSERT INTO `dbanime`.`tbanimestudio` (`fldName`, `fldDescription`) VALUES ('Ascension', 'Ascension');
INSERT INTO `dbanime`.`tbanimestudio` (`fldName`, `fldDescription`) VALUES ('ASCII Media Works', 'ASCII Media Works');
INSERT INTO `dbanime`.`tbanimestudio` (`fldName`, `fldDescription`) VALUES ('Ashi Productions', 'Ashi Productions');
INSERT INTO `dbanime`.`tbanimestudio` (`fldName`, `fldDescription`) VALUES ('ASIA Documentary Productions', 'ASIA Documentary Productions');
INSERT INTO `dbanime`.`tbanimestudio` (`fldName`, `fldDescription`) VALUES ('Asmik Ace Entertainment', 'Asmik Ace Entertainment');
INSERT INTO `dbanime`.`tbanimestudio` (`fldName`, `fldDescription`) VALUES ('Asread', 'Asread');
INSERT INTO `dbanime`.`tbanimestudio` (`fldName`, `fldDescription`) VALUES ('Assez Finaud Fabric', 'Assez Finaud Fabric');
INSERT INTO `dbanime`.`tbanimestudio` (`fldName`, `fldDescription`) VALUES ('Asura Film', 'Asura Film');
INSERT INTO `dbanime`.`tbanimestudio` (`fldName`, `fldDescription`) VALUES ('AT-2', 'AT-2');
INSERT INTO `dbanime`.`tbanimestudio` (`fldName`, `fldDescription`) VALUES ('AT-X', 'AT-X');
INSERT INTO `dbanime`.`tbanimestudio` (`fldName`, `fldDescription`) VALUES ('Atelier Musa', 'Atelier Musa');
INSERT INTO `dbanime`.`tbanimestudio` (`fldName`, `fldDescription`) VALUES ('Atlus', 'Atlus');
INSERT INTO `dbanime`.`tbanimestudio` (`fldName`, `fldDescription`) VALUES ('Aubec', 'Aubec');
INSERT INTO `dbanime`.`tbanimestudio` (`fldName`, `fldDescription`) VALUES ('Audio Highs', 'Audio Highs');
INSERT INTO `dbanime`.`tbanimestudio` (`fldName`, `fldDescription`) VALUES ('Audio Planning U', 'Audio Planning U');
INSERT INTO `dbanime`.`tbanimestudio` (`fldName`, `fldDescription`) VALUES ('Audio Tanaka', 'Audio Tanaka');
INSERT INTO `dbanime`.`tbanimestudio` (`fldName`, `fldDescription`) VALUES ('Automatic Flowers Studio', 'Automatic Flowers Studio');
INSERT INTO `dbanime`.`tbanimestudio` (`fldName`, `fldDescription`) VALUES ('Avaco Creative Studios', 'Avaco Creative Studios');
INSERT INTO `dbanime`.`tbanimestudio` (`fldName`, `fldDescription`) VALUES ('Avex Entertainment', 'Avex Entertainment');
INSERT INTO `dbanime`.`tbanimestudio` (`fldName`, `fldDescription`) VALUES ('Avex Pictures', 'Avex Pictures');
INSERT INTO `dbanime`.`tbanimestudio` (`fldName`, `fldDescription`) VALUES ('AXsiZ', 'AXsiZ');
INSERT INTO `dbanime`.`tbanimestudio` (`fldName`, `fldDescription`) VALUES ('AYCO', 'AYCO');
INSERT INTO `dbanime`.`tbanimestudio` (`fldName`, `fldDescription`) VALUES ('Azeta Pictures', 'Azeta Pictures');
INSERT INTO `dbanime`.`tbanimestudio` (`fldName`, `fldDescription`) VALUES ('Azumaker', 'Azumaker');
INSERT INTO `dbanime`.`tbanimestudio` (`fldName`, `fldDescription`) VALUES ('B', 'B');
INSERT INTO `dbanime`.`tbanimestudio` (`fldName`, `fldDescription`) VALUES ('B&T', 'B&T');
INSERT INTO `dbanime`.`tbanimestudio` (`fldName`, `fldDescription`) VALUES ('Bandai', 'Bandai');
INSERT INTO `dbanime`.`tbanimestudio` (`fldName`, `fldDescription`) VALUES ('Bandai Entertainment', 'Bandai Entertainment');
INSERT INTO `dbanime`.`tbanimestudio` (`fldName`, `fldDescription`) VALUES ('Bandai Namco Entertainment', 'Bandai Namco Entertainment');
INSERT INTO `dbanime`.`tbanimestudio` (`fldName`, `fldDescription`) VALUES ('Bandai Namco Live Creative', 'Bandai Namco Live Creative');
INSERT INTO `dbanime`.`tbanimestudio` (`fldName`, `fldDescription`) VALUES ('Bandai Namco Pictures', 'Bandai Namco Pictures');
INSERT INTO `dbanime`.`tbanimestudio` (`fldName`, `fldDescription`) VALUES ('Bandai Visual', 'Bandai Visual');
INSERT INTO `dbanime`.`tbanimestudio` (`fldName`, `fldDescription`) VALUES ('Bandai Visual USA', 'Bandai Visual USA');
INSERT INTO `dbanime`.`tbanimestudio` (`fldName`, `fldDescription`) VALUES ('Banpresto', 'Banpresto');
INSERT INTO `dbanime`.`tbanimestudio` (`fldName`, `fldDescription`) VALUES ('Baramiri', 'Baramiri');
INSERT INTO `dbanime`.`tbanimestudio` (`fldName`, `fldDescription`) VALUES ('Barnum Studio', 'Barnum Studio');
INSERT INTO `dbanime`.`tbanimestudio` (`fldName`, `fldDescription`) VALUES ('BEAM Entertainment', 'BEAM Entertainment');
INSERT INTO `dbanime`.`tbanimestudio` (`fldName`, `fldDescription`) VALUES ('Beat Frog', 'Beat Frog');
INSERT INTO `dbanime`.`tbanimestudio` (`fldName`, `fldDescription`) VALUES ('Bee Media', 'Bee Media');
INSERT INTO `dbanime`.`tbanimestudio` (`fldName`, `fldDescription`) VALUES ('Bee Train', 'Bee Train');
INSERT INTO `dbanime`.`tbanimestudio` (`fldName`, `fldDescription`) VALUES ('BeeWorks', 'BeeWorks');
INSERT INTO `dbanime`.`tbanimestudio` (`fldName`, `fldDescription`) VALUES ('Beijing Huihuang Animation Company', 'Beijing Huihuang Animation Company');
INSERT INTO `dbanime`.`tbanimestudio` (`fldName`, `fldDescription`) VALUES ('Beijing Sharaku Art', 'Beijing Sharaku Art');
INSERT INTO `dbanime`.`tbanimestudio` (`fldName`, `fldDescription`) VALUES ('Beijing Sunchime Happy Culture Company', 'Beijing Sunchime Happy Culture Company');
INSERT INTO `dbanime`.`tbanimestudio` (`fldName`, `fldDescription`) VALUES ('Being', 'Being');
INSERT INTO `dbanime`.`tbanimestudio` (`fldName`, `fldDescription`) VALUES ('Benesse Corporation', 'Benesse Corporation');
INSERT INTO `dbanime`.`tbanimestudio` (`fldName`, `fldDescription`) VALUES ('BeSTACK', 'BeSTACK');
INSERT INTO `dbanime`.`tbanimestudio` (`fldName`, `fldDescription`) VALUES ('Big Bang', 'Big Bang');
INSERT INTO `dbanime`.`tbanimestudio` (`fldName`, `fldDescription`) VALUES ('Big West', 'Big West');
INSERT INTO `dbanime`.`tbanimestudio` (`fldName`, `fldDescription`) VALUES ('BIGLOBE', 'BIGLOBE');
INSERT INTO `dbanime`.`tbanimestudio` (`fldName`, `fldDescription`) VALUES ('bilibili', 'bilibili');
INSERT INTO `dbanime`.`tbanimestudio` (`fldName`, `fldDescription`) VALUES ('Bishop', 'Bishop');
INSERT INTO `dbanime`.`tbanimestudio` (`fldName`, `fldDescription`) VALUES ('Bitgang', 'Bitgang');
INSERT INTO `dbanime`.`tbanimestudio` (`fldName`, `fldDescription`) VALUES ('Bliss Pictures', 'Bliss Pictures');
INSERT INTO `dbanime`.`tbanimestudio` (`fldName`, `fldDescription`) VALUES ('Blue Cat', 'Blue Cat');
INSERT INTO `dbanime`.`tbanimestudio` (`fldName`, `fldDescription`) VALUES ('Blue Eyes', 'Blue Eyes');
INSERT INTO `dbanime`.`tbanimestudio` (`fldName`, `fldDescription`) VALUES ('Blue Impact', 'Blue Impact');
INSERT INTO `dbanime`.`tbanimestudio` (`fldName`, `fldDescription`) VALUES ('BMG Japan', 'BMG Japan');
INSERT INTO `dbanime`.`tbanimestudio` (`fldName`, `fldDescription`) VALUES ('Bones', 'Bones');
INSERT INTO `dbanime`.`tbanimestudio` (`fldName`, `fldDescription`) VALUES ('BOOTLEG', 'BOOTLEG');
INSERT INTO `dbanime`.`tbanimestudio` (`fldName`, `fldDescription`) VALUES ('Bouncy', 'Bouncy');
INSERT INTO `dbanime`.`tbanimestudio` (`fldName`, `fldDescription`) VALUES ('Brain\'s Base', 'Brain\'s Base');
INSERT INTO `dbanime`.`tbanimestudio` (`fldName`, `fldDescription`) VALUES ('BreakBottle', 'BreakBottle');
INSERT INTO `dbanime`.`tbanimestudio` (`fldName`, `fldDescription`) VALUES ('Bridge', 'Bridge');
INSERT INTO `dbanime`.`tbanimestudio` (`fldName`, `fldDescription`) VALUES ('Broccoli', 'Broccoli');
INSERT INTO `dbanime`.`tbanimestudio` (`fldName`, `fldDescription`) VALUES ('BS Fuji', 'BS Fuji');
INSERT INTO `dbanime`.`tbanimestudio` (`fldName`, `fldDescription`) VALUES ('BS Japan', 'BS Japan');
INSERT INTO `dbanime`.`tbanimestudio` (`fldName`, `fldDescription`) VALUES ('BS-i', 'BS-i');
INSERT INTO `dbanime`.`tbanimestudio` (`fldName`, `fldDescription`) VALUES ('BS-TBS', 'BS-TBS');
INSERT INTO `dbanime`.`tbanimestudio` (`fldName`, `fldDescription`) VALUES ('BS11', 'BS11');
INSERT INTO `dbanime`.`tbanimestudio` (`fldName`, `fldDescription`) VALUES ('Buemon', 'Buemon');
INSERT INTO `dbanime`.`tbanimestudio` (`fldName`, `fldDescription`) VALUES ('Bushiroad', 'Bushiroad');
INSERT INTO `dbanime`.`tbanimestudio` (`fldName`, `fldDescription`) VALUES ('Byakuya Shobo', 'Byakuya Shobo');
INSERT INTO `dbanime`.`tbanimestudio` (`fldName`, `fldDescription`) VALUES ('C', 'C');
INSERT INTO `dbanime`.`tbanimestudio` (`fldName`, `fldDescription`) VALUES ('C & I entertainment', 'C & I entertainment');
INSERT INTO `dbanime`.`tbanimestudio` (`fldName`, `fldDescription`) VALUES ('C-Station', 'C-Station');
INSERT INTO `dbanime`.`tbanimestudio` (`fldName`, `fldDescription`) VALUES ('C2C', 'C2C');
INSERT INTO `dbanime`.`tbanimestudio` (`fldName`, `fldDescription`) VALUES ('Calf Studio', 'Calf Studio');
INSERT INTO `dbanime`.`tbanimestudio` (`fldName`, `fldDescription`) VALUES ('Cammot', 'Cammot');
INSERT INTO `dbanime`.`tbanimestudio` (`fldName`, `fldDescription`) VALUES ('Capcom', 'Capcom');
INSERT INTO `dbanime`.`tbanimestudio` (`fldName`, `fldDescription`) VALUES ('Carp Studio', 'Carp Studio');
INSERT INTO `dbanime`.`tbanimestudio` (`fldName`, `fldDescription`) VALUES ('Casio Entertainment', 'Casio Entertainment');
INSERT INTO `dbanime`.`tbanimestudio` (`fldName`, `fldDescription`) VALUES ('CBC', 'CBC');
INSERT INTO `dbanime`.`tbanimestudio` (`fldName`, `fldDescription`) VALUES ('CBS', 'CBS');
INSERT INTO `dbanime`.`tbanimestudio` (`fldName`, `fldDescription`) VALUES ('CCTV Animation Co. LTD', 'CCTV Animation Co. LTD');
INSERT INTO `dbanime`.`tbanimestudio` (`fldName`, `fldDescription`) VALUES ('Central Park Media', 'Central Park Media');
INSERT INTO `dbanime`.`tbanimestudio` (`fldName`, `fldDescription`) VALUES ('Chaos Project', 'Chaos Project');
INSERT INTO `dbanime`.`tbanimestudio` (`fldName`, `fldDescription`) VALUES ('chara-ani.com', 'chara-ani.com');
INSERT INTO `dbanime`.`tbanimestudio` (`fldName`, `fldDescription`) VALUES ('Charaction', 'Charaction');
INSERT INTO `dbanime`.`tbanimestudio` (`fldName`, `fldDescription`) VALUES ('CherryLips', 'CherryLips');
INSERT INTO `dbanime`.`tbanimestudio` (`fldName`, `fldDescription`) VALUES ('ChiChinoya', 'ChiChinoya');
INSERT INTO `dbanime`.`tbanimestudio` (`fldName`, `fldDescription`) VALUES ('Children\'s Playground Entertainment', 'Children\'s Playground Entertainment');
INSERT INTO `dbanime`.`tbanimestudio` (`fldName`, `fldDescription`) VALUES ('Chrono Gear Creative', 'Chrono Gear Creative');
INSERT INTO `dbanime`.`tbanimestudio` (`fldName`, `fldDescription`) VALUES ('ChuChu', 'ChuChu');
INSERT INTO `dbanime`.`tbanimestudio` (`fldName`, `fldDescription`) VALUES ('Chugai Mining Co., Ltd.', 'Chugai Mining Co., Ltd.');
INSERT INTO `dbanime`.`tbanimestudio` (`fldName`, `fldDescription`) VALUES ('Chungeorahm Film', 'Chungeorahm Film');
INSERT INTO `dbanime`.`tbanimestudio` (`fldName`, `fldDescription`) VALUES ('Chuubu Nihon Kyouei', 'Chuubu Nihon Kyouei');
INSERT INTO `dbanime`.`tbanimestudio` (`fldName`, `fldDescription`) VALUES ('Cinelicious Pics', 'Cinelicious Pics');
INSERT INTO `dbanime`.`tbanimestudio` (`fldName`, `fldDescription`) VALUES ('Cinema Tohoku', 'Cinema Tohoku');
INSERT INTO `dbanime`.`tbanimestudio` (`fldName`, `fldDescription`) VALUES ('CinePix', 'CinePix');
INSERT INTO `dbanime`.`tbanimestudio` (`fldName`, `fldDescription`) VALUES ('Clarion', 'Clarion');
INSERT INTO `dbanime`.`tbanimestudio` (`fldName`, `fldDescription`) VALUES ('Coamix', 'Coamix');
INSERT INTO `dbanime`.`tbanimestudio` (`fldName`, `fldDescription`) VALUES ('Coastline Animation Studio', 'Coastline Animation Studio');
INSERT INTO `dbanime`.`tbanimestudio` (`fldName`, `fldDescription`) VALUES ('Code', 'Code');
INSERT INTO `dbanime`.`tbanimestudio` (`fldName`, `fldDescription`) VALUES ('Collaboration Works', 'Collaboration Works');
INSERT INTO `dbanime`.`tbanimestudio` (`fldName`, `fldDescription`) VALUES ('Comic Umenohone', 'Comic Umenohone');
INSERT INTO `dbanime`.`tbanimestudio` (`fldName`, `fldDescription`) VALUES ('comico', 'comico');
INSERT INTO `dbanime`.`tbanimestudio` (`fldName`, `fldDescription`) VALUES ('CoMix Wave Films', 'CoMix Wave Films');
INSERT INTO `dbanime`.`tbanimestudio` (`fldName`, `fldDescription`) VALUES ('Comstock, Ltd.', 'Comstock, Ltd.');
INSERT INTO `dbanime`.`tbanimestudio` (`fldName`, `fldDescription`) VALUES ('Connect', 'Connect');
INSERT INTO `dbanime`.`tbanimestudio` (`fldName`, `fldDescription`) VALUES ('Cookie Jar Entertainment', 'Cookie Jar Entertainment');
INSERT INTO `dbanime`.`tbanimestudio` (`fldName`, `fldDescription`) VALUES ('Cosmic Ray', 'Cosmic Ray');
INSERT INTO `dbanime`.`tbanimestudio` (`fldName`, `fldDescription`) VALUES ('Cosmos', 'Cosmos');
INSERT INTO `dbanime`.`tbanimestudio` (`fldName`, `fldDescription`) VALUES ('Cospa', 'Cospa');
INSERT INTO `dbanime`.`tbanimestudio` (`fldName`, `fldDescription`) VALUES ('Cotton Doll', 'Cotton Doll');
INSERT INTO `dbanime`.`tbanimestudio` (`fldName`, `fldDescription`) VALUES ('Craftar', 'Craftar');
INSERT INTO `dbanime`.`tbanimestudio` (`fldName`, `fldDescription`) VALUES ('Cranberry', 'Cranberry');
INSERT INTO `dbanime`.`tbanimestudio` (`fldName`, `fldDescription`) VALUES ('Creative Bridge', 'Creative Bridge');
INSERT INTO `dbanime`.`tbanimestudio` (`fldName`, `fldDescription`) VALUES ('Creative Power Entertaining', 'Creative Power Entertaining');
INSERT INTO `dbanime`.`tbanimestudio` (`fldName`, `fldDescription`) VALUES ('Creators in Pack', 'Creators in Pack');
INSERT INTO `dbanime`.`tbanimestudio` (`fldName`, `fldDescription`) VALUES ('CREi', 'CREi');
INSERT INTO `dbanime`.`tbanimestudio` (`fldName`, `fldDescription`) VALUES ('Crimson Star Media', 'Crimson Star Media');
INSERT INTO `dbanime`.`tbanimestudio` (`fldName`, `fldDescription`) VALUES ('Critical Mass Video', 'Critical Mass Video');
INSERT INTO `dbanime`.`tbanimestudio` (`fldName`, `fldDescription`) VALUES ('Crossphere', 'Crossphere');
INSERT INTO `dbanime`.`tbanimestudio` (`fldName`, `fldDescription`) VALUES ('Crunchyroll', 'Crunchyroll');
INSERT INTO `dbanime`.`tbanimestudio` (`fldName`, `fldDescription`) VALUES ('CyberAgent', 'CyberAgent');
INSERT INTO `dbanime`.`tbanimestudio` (`fldName`, `fldDescription`) VALUES ('CyberConnect2', 'CyberConnect2');
INSERT INTO `dbanime`.`tbanimestudio` (`fldName`, `fldDescription`) VALUES ('CyberStep', 'CyberStep');
INSERT INTO `dbanime`.`tbanimestudio` (`fldName`, `fldDescription`) VALUES ('Cyclone Graphics inc', 'Cyclone Graphics inc');
INSERT INTO `dbanime`.`tbanimestudio` (`fldName`, `fldDescription`) VALUES ('D', 'D');
INSERT INTO `dbanime`.`tbanimestudio` (`fldName`, `fldDescription`) VALUES ('d-rights', 'd-rights');
INSERT INTO `dbanime`.`tbanimestudio` (`fldName`, `fldDescription`) VALUES ('D.A.S.T.', 'D.A.S.T.');
INSERT INTO `dbanime`.`tbanimestudio` (`fldName`, `fldDescription`) VALUES ('D3', 'D3');
INSERT INTO `dbanime`.`tbanimestudio` (`fldName`, `fldDescription`) VALUES ('Daewon Media', 'Daewon Media');
INSERT INTO `dbanime`.`tbanimestudio` (`fldName`, `fldDescription`) VALUES ('Daichi Doga', 'Daichi Doga');
INSERT INTO `dbanime`.`tbanimestudio` (`fldName`, `fldDescription`) VALUES ('Daiei', 'Daiei');
INSERT INTO `dbanime`.`tbanimestudio` (`fldName`, `fldDescription`) VALUES ('Daiichikosho', 'Daiichikosho');
INSERT INTO `dbanime`.`tbanimestudio` (`fldName`, `fldDescription`) VALUES ('Daiko', 'Daiko');
INSERT INTO `dbanime`.`tbanimestudio` (`fldName`, `fldDescription`) VALUES ('DandeLion Animation Studio LLC', 'DandeLion Animation Studio LLC');
INSERT INTO `dbanime`.`tbanimestudio` (`fldName`, `fldDescription`) VALUES ('Darts', 'Darts');
INSERT INTO `dbanime`.`tbanimestudio` (`fldName`, `fldDescription`) VALUES ('Daume', 'Daume');
INSERT INTO `dbanime`.`tbanimestudio` (`fldName`, `fldDescription`) VALUES ('David Production', 'David Production');
INSERT INTO `dbanime`.`tbanimestudio` (`fldName`, `fldDescription`) VALUES ('DAX Production', 'DAX Production');
INSERT INTO `dbanime`.`tbanimestudio` (`fldName`, `fldDescription`) VALUES ('Decovocal', 'Decovocal');
INSERT INTO `dbanime`.`tbanimestudio` (`fldName`, `fldDescription`) VALUES ('Delfi Sound', 'Delfi Sound');
INSERT INTO `dbanime`.`tbanimestudio` (`fldName`, `fldDescription`) VALUES ('Dentsu', 'Dentsu');
INSERT INTO `dbanime`.`tbanimestudio` (`fldName`, `fldDescription`) VALUES ('Dentsu Eigasha Tokyo', 'Dentsu Eigasha Tokyo');
INSERT INTO `dbanime`.`tbanimestudio` (`fldName`, `fldDescription`) VALUES ('Dentsu Entertainment USA', 'Dentsu Entertainment USA');
INSERT INTO `dbanime`.`tbanimestudio` (`fldName`, `fldDescription`) VALUES ('Diabolik Lovers MB Project', 'Diabolik Lovers MB Project');
INSERT INTO `dbanime`.`tbanimestudio` (`fldName`, `fldDescription`) VALUES ('DiC Entertainment', 'DiC Entertainment');
INSERT INTO `dbanime`.`tbanimestudio` (`fldName`, `fldDescription`) VALUES ('Digital Frontier', 'Digital Frontier');
INSERT INTO `dbanime`.`tbanimestudio` (`fldName`, `fldDescription`) VALUES ('Digital Media Lab', 'Digital Media Lab');
INSERT INTO `dbanime`.`tbanimestudio` (`fldName`, `fldDescription`) VALUES ('Digital Works', 'Digital Works');
INSERT INTO `dbanime`.`tbanimestudio` (`fldName`, `fldDescription`) VALUES ('Digiturbo', 'Digiturbo');
INSERT INTO `dbanime`.`tbanimestudio` (`fldName`, `fldDescription`) VALUES ('Diomedea', 'Diomedea');
INSERT INTO `dbanime`.`tbanimestudio` (`fldName`, `fldDescription`) VALUES ('Directions', 'Directions');
INSERT INTO `dbanime`.`tbanimestudio` (`fldName`, `fldDescription`) VALUES ('Discotek', 'Discotek');
INSERT INTO `dbanime`.`tbanimestudio` (`fldName`, `fldDescription`) VALUES ('Discovery', 'Discovery');
INSERT INTO `dbanime`.`tbanimestudio` (`fldName`, `fldDescription`) VALUES ('DIVE II Entertainment', 'DIVE II Entertainment');
INSERT INTO `dbanime`.`tbanimestudio` (`fldName`, `fldDescription`) VALUES ('DLE', 'DLE');
INSERT INTO `dbanime`.`tbanimestudio` (`fldName`, `fldDescription`) VALUES ('Docomo Anime Store', 'Docomo Anime Store');
INSERT INTO `dbanime`.`tbanimestudio` (`fldName`, `fldDescription`) VALUES ('Doga Kobo', 'Doga Kobo');
INSERT INTO `dbanime`.`tbanimestudio` (`fldName`, `fldDescription`) VALUES ('DOGA Productions', 'DOGA Productions');
INSERT INTO `dbanime`.`tbanimestudio` (`fldName`, `fldDescription`) VALUES ('domerica', 'domerica');
INSERT INTO `dbanime`.`tbanimestudio` (`fldName`, `fldDescription`) VALUES ('Dongwoo A&E', 'Dongwoo A&E');
INSERT INTO `dbanime`.`tbanimestudio` (`fldName`, `fldDescription`) VALUES ('Dongyang Animation', 'Dongyang Animation');
INSERT INTO `dbanime`.`tbanimestudio` (`fldName`, `fldDescription`) VALUES ('Dream Creation', 'Dream Creation');
INSERT INTO `dbanime`.`tbanimestudio` (`fldName`, `fldDescription`) VALUES ('Dream Force', 'Dream Force');
INSERT INTO `dbanime`.`tbanimestudio` (`fldName`, `fldDescription`) VALUES ('DreamWorks', 'DreamWorks');
INSERT INTO `dbanime`.`tbanimestudio` (`fldName`, `fldDescription`) VALUES ('Dwango', 'Dwango');
INSERT INTO `dbanime`.`tbanimestudio` (`fldName`, `fldDescription`) VALUES ('Dwango Music Entertainment', 'Dwango Music Entertainment');
INSERT INTO `dbanime`.`tbanimestudio` (`fldName`, `fldDescription`) VALUES ('dwarf', 'dwarf');
INSERT INTO `dbanime`.`tbanimestudio` (`fldName`, `fldDescription`) VALUES ('Dynamic Planning', 'Dynamic Planning');
INSERT INTO `dbanime`.`tbanimestudio` (`fldName`, `fldDescription`) VALUES ('Dynamo Pictures', 'Dynamo Pictures');
INSERT INTO `dbanime`.`tbanimestudio` (`fldName`, `fldDescription`) VALUES ('E', 'E');
INSERT INTO `dbanime`.`tbanimestudio` (`fldName`, `fldDescription`) VALUES ('E&G Films', 'E&G Films');
INSERT INTO `dbanime`.`tbanimestudio` (`fldName`, `fldDescription`) VALUES ('Earth Star Entertainment', 'Earth Star Entertainment');
INSERT INTO `dbanime`.`tbanimestudio` (`fldName`, `fldDescription`) VALUES ('East Japan Marketing & Communications', 'East Japan Marketing & Communications');
INSERT INTO `dbanime`.`tbanimestudio` (`fldName`, `fldDescription`) VALUES ('EBS', 'EBS');
INSERT INTO `dbanime`.`tbanimestudio` (`fldName`, `fldDescription`) VALUES ('Echo', 'Echo');
INSERT INTO `dbanime`.`tbanimestudio` (`fldName`, `fldDescription`) VALUES ('Echoes', 'Echoes');
INSERT INTO `dbanime`.`tbanimestudio` (`fldName`, `fldDescription`) VALUES ('EDGE', 'EDGE');
INSERT INTO `dbanime`.`tbanimestudio` (`fldName`, `fldDescription`) VALUES ('Egg', 'Egg');
INSERT INTO `dbanime`.`tbanimestudio` (`fldName`, `fldDescription`) VALUES ('Egg Firm', 'Egg Firm');
INSERT INTO `dbanime`.`tbanimestudio` (`fldName`, `fldDescription`) VALUES ('eigoMANGA', 'eigoMANGA');
INSERT INTO `dbanime`.`tbanimestudio` (`fldName`, `fldDescription`) VALUES ('Eiken', 'Eiken');
INSERT INTO `dbanime`.`tbanimestudio` (`fldName`, `fldDescription`) VALUES ('Ekura Animal', 'Ekura Animal');
INSERT INTO `dbanime`.`tbanimestudio` (`fldName`, `fldDescription`) VALUES ('ElectromagneticWave', 'ElectromagneticWave');
INSERT INTO `dbanime`.`tbanimestudio` (`fldName`, `fldDescription`) VALUES ('Elevenarts', 'Elevenarts');
INSERT INTO `dbanime`.`tbanimestudio` (`fldName`, `fldDescription`) VALUES ('EMI', 'EMI');
INSERT INTO `dbanime`.`tbanimestudio` (`fldName`, `fldDescription`) VALUES ('EMT?', 'EMT?');
INSERT INTO `dbanime`.`tbanimestudio` (`fldName`, `fldDescription`) VALUES ('Encourage Films', 'Encourage Films');
INSERT INTO `dbanime`.`tbanimestudio` (`fldName`, `fldDescription`) VALUES ('Enlight Pictures', 'Enlight Pictures');
INSERT INTO `dbanime`.`tbanimestudio` (`fldName`, `fldDescription`) VALUES ('Enoki Films', 'Enoki Films');
INSERT INTO `dbanime`.`tbanimestudio` (`fldName`, `fldDescription`) VALUES ('ensky', 'ensky');
INSERT INTO `dbanime`.`tbanimestudio` (`fldName`, `fldDescription`) VALUES ('Enterbrain', 'Enterbrain');
INSERT INTO `dbanime`.`tbanimestudio` (`fldName`, `fldDescription`) VALUES ('Epoch', 'Epoch');
INSERT INTO `dbanime`.`tbanimestudio` (`fldName`, `fldDescription`) VALUES ('Evil Line Records', 'Evil Line Records');
INSERT INTO `dbanime`.`tbanimestudio` (`fldName`, `fldDescription`) VALUES ('Eye Move', 'Eye Move');
INSERT INTO `dbanime`.`tbanimestudio` (`fldName`, `fldDescription`) VALUES ('F', 'F');
INSERT INTO `dbanime`.`tbanimestudio` (`fldName`, `fldDescription`) VALUES ('F.M.F', 'F.M.F');
INSERT INTO `dbanime`.`tbanimestudio` (`fldName`, `fldDescription`) VALUES ('Fairy Dust', 'Fairy Dust');
INSERT INTO `dbanime`.`tbanimestudio` (`fldName`, `fldDescription`) VALUES ('famima.com', 'famima.com');
INSERT INTO `dbanime`.`tbanimestudio` (`fldName`, `fldDescription`) VALUES ('Fanworks', 'Fanworks');
INSERT INTO `dbanime`.`tbanimestudio` (`fldName`, `fldDescription`) VALUES ('feel.', 'feel.');
INSERT INTO `dbanime`.`tbanimestudio` (`fldName`, `fldDescription`) VALUES ('Felix Film', 'Felix Film');
INSERT INTO `dbanime`.`tbanimestudio` (`fldName`, `fldDescription`) VALUES ('feng', 'feng');
INSERT INTO `dbanime`.`tbanimestudio` (`fldName`, `fldDescription`) VALUES ('Fields', 'Fields');
INSERT INTO `dbanime`.`tbanimestudio` (`fldName`, `fldDescription`) VALUES ('Fifth Avenue', 'Fifth Avenue');
INSERT INTO `dbanime`.`tbanimestudio` (`fldName`, `fldDescription`) VALUES ('Film Workshop', 'Film Workshop');
INSERT INTO `dbanime`.`tbanimestudio` (`fldName`, `fldDescription`) VALUES ('Filmlink International', 'Filmlink International');
INSERT INTO `dbanime`.`tbanimestudio` (`fldName`, `fldDescription`) VALUES ('Five Ways', 'Five Ways');
INSERT INTO `dbanime`.`tbanimestudio` (`fldName`, `fldDescription`) VALUES ('Flatiron Film Company', 'Flatiron Film Company');
INSERT INTO `dbanime`.`tbanimestudio` (`fldName`, `fldDescription`) VALUES ('Flex Comics', 'Flex Comics');
INSERT INTO `dbanime`.`tbanimestudio` (`fldName`, `fldDescription`) VALUES ('flying DOG', 'flying DOG');
INSERT INTO `dbanime`.`tbanimestudio` (`fldName`, `fldDescription`) VALUES ('Forecast Communications', 'Forecast Communications');
INSERT INTO `dbanime`.`tbanimestudio` (`fldName`, `fldDescription`) VALUES ('FOREST Hunting One', 'FOREST Hunting One');
INSERT INTO `dbanime`.`tbanimestudio` (`fldName`, `fldDescription`) VALUES ('Four Some', 'Four Some');
INSERT INTO `dbanime`.`tbanimestudio` (`fldName`, `fldDescription`) VALUES ('Free-Will', 'Free-Will');
INSERT INTO `dbanime`.`tbanimestudio` (`fldName`, `fldDescription`) VALUES ('Frencel', 'Frencel');
INSERT INTO `dbanime`.`tbanimestudio` (`fldName`, `fldDescription`) VALUES ('Front Line', 'Front Line');
INSERT INTO `dbanime`.`tbanimestudio` (`fldName`, `fldDescription`) VALUES ('Frontier Works', 'Frontier Works');
INSERT INTO `dbanime`.`tbanimestudio` (`fldName`, `fldDescription`) VALUES ('Fuji Pacific Music Publishing', 'Fuji Pacific Music Publishing');
INSERT INTO `dbanime`.`tbanimestudio` (`fldName`, `fldDescription`) VALUES ('Fuji TV', 'Fuji TV');
INSERT INTO `dbanime`.`tbanimestudio` (`fldName`, `fldDescription`) VALUES ('Fuji Video', 'Fuji Video');
INSERT INTO `dbanime`.`tbanimestudio` (`fldName`, `fldDescription`) VALUES ('Fuji&gumi Games', 'Fuji&gumi Games');
INSERT INTO `dbanime`.`tbanimestudio` (`fldName`, `fldDescription`) VALUES ('Fujiko F. Fujio Pro', 'Fujiko F. Fujio Pro');
INSERT INTO `dbanime`.`tbanimestudio` (`fldName`, `fldDescription`) VALUES ('Fukushima Gainax', 'Fukushima Gainax');
INSERT INTO `dbanime`.`tbanimestudio` (`fldName`, `fldDescription`) VALUES ('FUNimation Entertainment', 'FUNimation Entertainment');
INSERT INTO `dbanime`.`tbanimestudio` (`fldName`, `fldDescription`) VALUES ('Futabasha', 'Futabasha');
INSERT INTO `dbanime`.`tbanimestudio` (`fldName`, `fldDescription`) VALUES ('Future Planet', 'Future Planet');
INSERT INTO `dbanime`.`tbanimestudio` (`fldName`, `fldDescription`) VALUES ('G', 'G');
INSERT INTO `dbanime`.`tbanimestudio` (`fldName`, `fldDescription`) VALUES ('G&G Entertainment', 'G&G Entertainment');
INSERT INTO `dbanime`.`tbanimestudio` (`fldName`, `fldDescription`) VALUES ('G-Lam', 'G-Lam');
INSERT INTO `dbanime`.`tbanimestudio` (`fldName`, `fldDescription`) VALUES ('G-mode', 'G-mode');
INSERT INTO `dbanime`.`tbanimestudio` (`fldName`, `fldDescription`) VALUES ('G.CMay Animation & Film', 'G.CMay Animation & Film');
INSERT INTO `dbanime`.`tbanimestudio` (`fldName`, `fldDescription`) VALUES ('GAGA Communications', 'GAGA Communications');
INSERT INTO `dbanime`.`tbanimestudio` (`fldName`, `fldDescription`) VALUES ('Gainax', 'Gainax');
INSERT INTO `dbanime`.`tbanimestudio` (`fldName`, `fldDescription`) VALUES ('Gakken', 'Gakken');
INSERT INTO `dbanime`.`tbanimestudio` (`fldName`, `fldDescription`) VALUES ('Gakken Eigakyoku', 'Gakken Eigakyoku');
INSERT INTO `dbanime`.`tbanimestudio` (`fldName`, `fldDescription`) VALUES ('GANSIS', 'GANSIS');
INSERT INTO `dbanime`.`tbanimestudio` (`fldName`, `fldDescription`) VALUES ('GARDEN LODGE', 'GARDEN LODGE');
INSERT INTO `dbanime`.`tbanimestudio` (`fldName`, `fldDescription`) VALUES ('Gathering', 'Gathering');
INSERT INTO `dbanime`.`tbanimestudio` (`fldName`, `fldDescription`) VALUES ('GDH', 'GDH');
INSERT INTO `dbanime`.`tbanimestudio` (`fldName`, `fldDescription`) VALUES ('Geidai Animation', 'Geidai Animation');
INSERT INTO `dbanime`.`tbanimestudio` (`fldName`, `fldDescription`) VALUES ('Geijutsu Eigasha', 'Geijutsu Eigasha');
INSERT INTO `dbanime`.`tbanimestudio` (`fldName`, `fldDescription`) VALUES ('GEMBA', 'GEMBA');
INSERT INTO `dbanime`.`tbanimestudio` (`fldName`, `fldDescription`) VALUES ('GEN Productions', 'GEN Productions');
INSERT INTO `dbanime`.`tbanimestudio` (`fldName`, `fldDescription`) VALUES ('Gen\'ei', 'Gen\'ei');
INSERT INTO `dbanime`.`tbanimestudio` (`fldName`, `fldDescription`) VALUES ('Genco', 'Genco');
INSERT INTO `dbanime`.`tbanimestudio` (`fldName`, `fldDescription`) VALUES ('Gendai Production', 'Gendai Production');
INSERT INTO `dbanime`.`tbanimestudio` (`fldName`, `fldDescription`) VALUES ('Geneon Entertainment USA', 'Geneon Entertainment USA');
INSERT INTO `dbanime`.`tbanimestudio` (`fldName`, `fldDescription`) VALUES ('Geneon Universal Entertainment', 'Geneon Universal Entertainment');
INSERT INTO `dbanime`.`tbanimestudio` (`fldName`, `fldDescription`) VALUES ('Geno Studio', 'Geno Studio');
INSERT INTO `dbanime`.`tbanimestudio` (`fldName`, `fldDescription`) VALUES ('Gentosha Comics', 'Gentosha Comics');
INSERT INTO `dbanime`.`tbanimestudio` (`fldName`, `fldDescription`) VALUES ('gimik', 'gimik');
INSERT INTO `dbanime`.`tbanimestudio` (`fldName`, `fldDescription`) VALUES ('Ginga Ya', 'Ginga Ya');
INSERT INTO `dbanime`.`tbanimestudio` (`fldName`, `fldDescription`) VALUES ('GKids', 'GKids');
INSERT INTO `dbanime`.`tbanimestudio` (`fldName`, `fldDescription`) VALUES ('Glams', 'Glams');
INSERT INTO `dbanime`.`tbanimestudio` (`fldName`, `fldDescription`) VALUES ('Glovision', 'Glovision');
INSERT INTO `dbanime`.`tbanimestudio` (`fldName`, `fldDescription`) VALUES ('GODxDOG Production', 'GODxDOG Production');
INSERT INTO `dbanime`.`tbanimestudio` (`fldName`, `fldDescription`) VALUES ('GoHands', 'GoHands');
INSERT INTO `dbanime`.`tbanimestudio` (`fldName`, `fldDescription`) VALUES ('Gonzo', 'Gonzo');
INSERT INTO `dbanime`.`tbanimestudio` (`fldName`, `fldDescription`) VALUES ('Good Smile Company', 'Good Smile Company');
INSERT INTO `dbanime`.`tbanimestudio` (`fldName`, `fldDescription`) VALUES ('Graphinica', 'Graphinica');
INSERT INTO `dbanime`.`tbanimestudio` (`fldName`, `fldDescription`) VALUES ('Grasshoppa!', 'Grasshoppa!');
INSERT INTO `dbanime`.`tbanimestudio` (`fldName`, `fldDescription`) VALUES ('Green Bunny', 'Green Bunny');
INSERT INTO `dbanime`.`tbanimestudio` (`fldName`, `fldDescription`) VALUES ('Grooove', 'Grooove');
INSERT INTO `dbanime`.`tbanimestudio` (`fldName`, `fldDescription`) VALUES ('Group TAC', 'Group TAC');
INSERT INTO `dbanime`.`tbanimestudio` (`fldName`, `fldDescription`) VALUES ('Grouper Productions', 'Grouper Productions');
INSERT INTO `dbanime`.`tbanimestudio` (`fldName`, `fldDescription`) VALUES ('H', 'H');
INSERT INTO `dbanime`.`tbanimestudio` (`fldName`, `fldDescription`) VALUES ('Hakoniwa Academy Student Council', 'Hakoniwa Academy Student Council');
INSERT INTO `dbanime`.`tbanimestudio` (`fldName`, `fldDescription`) VALUES ('Hakuhodo DY Media Partners', 'Hakuhodo DY Media Partners');
INSERT INTO `dbanime`.`tbanimestudio` (`fldName`, `fldDescription`) VALUES ('Hakuhodo DY Music & Pictures', 'Hakuhodo DY Music & Pictures');
INSERT INTO `dbanime`.`tbanimestudio` (`fldName`, `fldDescription`) VALUES ('Hakusensha', 'Hakusensha');
INSERT INTO `dbanime`.`tbanimestudio` (`fldName`, `fldDescription`) VALUES ('Hal Film Maker', 'Hal Film Maker');
INSERT INTO `dbanime`.`tbanimestudio` (`fldName`, `fldDescription`) VALUES ('Half H.P Studio', 'Half H.P Studio');
INSERT INTO `dbanime`.`tbanimestudio` (`fldName`, `fldDescription`) VALUES ('Hang Zhou StarQ', 'Hang Zhou StarQ');
INSERT INTO `dbanime`.`tbanimestudio` (`fldName`, `fldDescription`) VALUES ('Haoliners Animation League', 'Haoliners Animation League');
INSERT INTO `dbanime`.`tbanimestudio` (`fldName`, `fldDescription`) VALUES ('Happinet Pictures', 'Happinet Pictures');
INSERT INTO `dbanime`.`tbanimestudio` (`fldName`, `fldDescription`) VALUES ('Harappa', 'Harappa');
INSERT INTO `dbanime`.`tbanimestudio` (`fldName`, `fldDescription`) VALUES ('Hasbro', 'Hasbro');
INSERT INTO `dbanime`.`tbanimestudio` (`fldName`, `fldDescription`) VALUES ('HeART-BIT', 'HeART-BIT');
INSERT INTO `dbanime`.`tbanimestudio` (`fldName`, `fldDescription`) VALUES ('Heewon Entertainment', 'Heewon Entertainment');
INSERT INTO `dbanime`.`tbanimestudio` (`fldName`, `fldDescription`) VALUES ('Hero Communication', 'Hero Communication');
INSERT INTO `dbanime`.`tbanimestudio` (`fldName`, `fldDescription`) VALUES ('Heroz', 'Heroz');
INSERT INTO `dbanime`.`tbanimestudio` (`fldName`, `fldDescription`) VALUES ('Higa Brothers Production', 'Higa Brothers Production');
INSERT INTO `dbanime`.`tbanimestudio` (`fldName`, `fldDescription`) VALUES ('Himajin Planning', 'Himajin Planning');
INSERT INTO `dbanime`.`tbanimestudio` (`fldName`, `fldDescription`) VALUES ('Himeyuri Alumnae Incorporated Foundation', 'Himeyuri Alumnae Incorporated Foundation');
INSERT INTO `dbanime`.`tbanimestudio` (`fldName`, `fldDescription`) VALUES ('Hiro Media', 'Hiro Media');
INSERT INTO `dbanime`.`tbanimestudio` (`fldName`, `fldDescription`) VALUES ('Hiroshi Planning', 'Hiroshi Planning');
INSERT INTO `dbanime`.`tbanimestudio` (`fldName`, `fldDescription`) VALUES ('Hisashishi Videos', 'Hisashishi Videos');
INSERT INTO `dbanime`.`tbanimestudio` (`fldName`, `fldDescription`) VALUES ('Hobby Japan', 'Hobby Japan');
INSERT INTO `dbanime`.`tbanimestudio` (`fldName`, `fldDescription`) VALUES ('Hobi Animation', 'Hobi Animation');
INSERT INTO `dbanime`.`tbanimestudio` (`fldName`, `fldDescription`) VALUES ('Hobibox', 'Hobibox');
INSERT INTO `dbanime`.`tbanimestudio` (`fldName`, `fldDescription`) VALUES ('Hokkaido Azmacy', 'Hokkaido Azmacy');
INSERT INTO `dbanime`.`tbanimestudio` (`fldName`, `fldDescription`) VALUES ('Hokkaido Cultural Broadcasting', 'Hokkaido Cultural Broadcasting');
INSERT INTO `dbanime`.`tbanimestudio` (`fldName`, `fldDescription`) VALUES ('Hoods Drifters Studio', 'Hoods Drifters Studio');
INSERT INTO `dbanime`.`tbanimestudio` (`fldName`, `fldDescription`) VALUES ('Hoods Entertainment', 'Hoods Entertainment');
INSERT INTO `dbanime`.`tbanimestudio` (`fldName`, `fldDescription`) VALUES ('Horannabi', 'Horannabi');
INSERT INTO `dbanime`.`tbanimestudio` (`fldName`, `fldDescription`) VALUES ('HoriPro', 'HoriPro');
INSERT INTO `dbanime`.`tbanimestudio` (`fldName`, `fldDescription`) VALUES ('Hoso Seisaku Doga', 'Hoso Seisaku Doga');
INSERT INTO `dbanime`.`tbanimestudio` (`fldName`, `fldDescription`) VALUES ('Hot Bear', 'Hot Bear');
INSERT INTO `dbanime`.`tbanimestudio` (`fldName`, `fldDescription`) VALUES ('Hotline', 'Hotline');
INSERT INTO `dbanime`.`tbanimestudio` (`fldName`, `fldDescription`) VALUES ('Houbunsha', 'Houbunsha');
INSERT INTO `dbanime`.`tbanimestudio` (`fldName`, `fldDescription`) VALUES ('HS Pictures Studio', 'HS Pictures Studio');
INSERT INTO `dbanime`.`tbanimestudio` (`fldName`, `fldDescription`) VALUES ('I', 'I');
INSERT INTO `dbanime`.`tbanimestudio` (`fldName`, `fldDescription`) VALUES ('I was a Ballerina', 'I was a Ballerina');
INSERT INTO `dbanime`.`tbanimestudio` (`fldName`, `fldDescription`) VALUES ('I-move', 'I-move');
INSERT INTO `dbanime`.`tbanimestudio` (`fldName`, `fldDescription`) VALUES ('I.Toon', 'I.Toon');
INSERT INTO `dbanime`.`tbanimestudio` (`fldName`, `fldDescription`) VALUES ('i0+', 'i0+');
INSERT INTO `dbanime`.`tbanimestudio` (`fldName`, `fldDescription`) VALUES ('Idea Factory', 'Idea Factory');
INSERT INTO `dbanime`.`tbanimestudio` (`fldName`, `fldDescription`) VALUES ('ILCA', 'ILCA');
INSERT INTO `dbanime`.`tbanimestudio` (`fldName`, `fldDescription`) VALUES ('Image House', 'Image House');
INSERT INTO `dbanime`.`tbanimestudio` (`fldName`, `fldDescription`) VALUES ('Image Kei', 'Image Kei');
INSERT INTO `dbanime`.`tbanimestudio` (`fldName`, `fldDescription`) VALUES ('Imagi', 'Imagi');
INSERT INTO `dbanime`.`tbanimestudio` (`fldName`, `fldDescription`) VALUES ('Imagica', 'Imagica');
INSERT INTO `dbanime`.`tbanimestudio` (`fldName`, `fldDescription`) VALUES ('Imagica West', 'Imagica West');
INSERT INTO `dbanime`.`tbanimestudio` (`fldName`, `fldDescription`) VALUES ('Imagin', 'Imagin');
INSERT INTO `dbanime`.`tbanimestudio` (`fldName`, `fldDescription`) VALUES ('Indeprox', 'Indeprox');
INSERT INTO `dbanime`.`tbanimestudio` (`fldName`, `fldDescription`) VALUES ('Index', 'Index');
INSERT INTO `dbanime`.`tbanimestudio` (`fldName`, `fldDescription`) VALUES ('indigo line', 'indigo line');
INSERT INTO `dbanime`.`tbanimestudio` (`fldName`, `fldDescription`) VALUES ('Infinite', 'Infinite');
INSERT INTO `dbanime`.`tbanimestudio` (`fldName`, `fldDescription`) VALUES ('ING', 'ING');
INSERT INTO `dbanime`.`tbanimestudio` (`fldName`, `fldDescription`) VALUES ('Innocent Grey', 'Innocent Grey');
INSERT INTO `dbanime`.`tbanimestudio` (`fldName`, `fldDescription`) VALUES ('International Digital Artist', 'International Digital Artist');
INSERT INTO `dbanime`.`tbanimestudio` (`fldName`, `fldDescription`) VALUES ('Inu x Boku SS Production Partners', 'Inu x Boku SS Production Partners');
INSERT INTO `dbanime`.`tbanimestudio` (`fldName`, `fldDescription`) VALUES ('Ishikawa Pro', 'Ishikawa Pro');
INSERT INTO `dbanime`.`tbanimestudio` (`fldName`, `fldDescription`) VALUES ('Ishimori Entertainment', 'Ishimori Entertainment');
INSERT INTO `dbanime`.`tbanimestudio` (`fldName`, `fldDescription`) VALUES ('Issen', 'Issen');
INSERT INTO `dbanime`.`tbanimestudio` (`fldName`, `fldDescription`) VALUES ('Itasca Studio', 'Itasca Studio');
INSERT INTO `dbanime`.`tbanimestudio` (`fldName`, `fldDescription`) VALUES ('Iwatobi High School Swimming Club', 'Iwatobi High School Swimming Club');
INSERT INTO `dbanime`.`tbanimestudio` (`fldName`, `fldDescription`) VALUES ('ixtl', 'ixtl');
INSERT INTO `dbanime`.`tbanimestudio` (`fldName`, `fldDescription`) VALUES ('Iyasakadou Film', 'Iyasakadou Film');
INSERT INTO `dbanime`.`tbanimestudio` (`fldName`, `fldDescription`) VALUES ('J', 'J');
INSERT INTO `dbanime`.`tbanimestudio` (`fldName`, `fldDescription`) VALUES ('J.C.Staff', 'J.C.Staff');
INSERT INTO `dbanime`.`tbanimestudio` (`fldName`, `fldDescription`) VALUES ('Jade Animation', 'Jade Animation');
INSERT INTO `dbanime`.`tbanimestudio` (`fldName`, `fldDescription`) VALUES ('Jam', 'Jam');
INSERT INTO `dbanime`.`tbanimestudio` (`fldName`, `fldDescription`) VALUES ('Japan Home Video', 'Japan Home Video');
INSERT INTO `dbanime`.`tbanimestudio` (`fldName`, `fldDescription`) VALUES ('Japan Vistec', 'Japan Vistec');
INSERT INTO `dbanime`.`tbanimestudio` (`fldName`, `fldDescription`) VALUES ('JapanAnime', 'JapanAnime');
INSERT INTO `dbanime`.`tbanimestudio` (`fldName`, `fldDescription`) VALUES ('JCF', 'JCF');
INSERT INTO `dbanime`.`tbanimestudio` (`fldName`, `fldDescription`) VALUES ('Jinnan Studio', 'Jinnan Studio');
INSERT INTO `dbanime`.`tbanimestudio` (`fldName`, `fldDescription`) VALUES ('Jinnis Animation Studios', 'Jinnis Animation Studios');
INSERT INTO `dbanime`.`tbanimestudio` (`fldName`, `fldDescription`) VALUES ('JM animation', 'JM animation');
INSERT INTO `dbanime`.`tbanimestudio` (`fldName`, `fldDescription`) VALUES ('Joker Films', 'Joker Films');
INSERT INTO `dbanime`.`tbanimestudio` (`fldName`, `fldDescription`) VALUES ('Jormungand Production Partners', 'Jormungand Production Partners');
INSERT INTO `dbanime`.`tbanimestudio` (`fldName`, `fldDescription`) VALUES ('Jules Bass', 'Jules Bass');
INSERT INTO `dbanime`.`tbanimestudio` (`fldName`, `fldDescription`) VALUES ('Jumondo', 'Jumondo');
INSERT INTO `dbanime`.`tbanimestudio` (`fldName`, `fldDescription`) VALUES ('K', 'K');
INSERT INTO `dbanime`.`tbanimestudio` (`fldName`, `fldDescription`) VALUES ('K-Factory', 'K-Factory');
INSERT INTO `dbanime`.`tbanimestudio` (`fldName`, `fldDescription`) VALUES ('Kachidoki Studio', 'Kachidoki Studio');
INSERT INTO `dbanime`.`tbanimestudio` (`fldName`, `fldDescription`) VALUES ('Kadokawa Contents Gate', 'Kadokawa Contents Gate');
INSERT INTO `dbanime`.`tbanimestudio` (`fldName`, `fldDescription`) VALUES ('Kadokawa Pictures Japan', 'Kadokawa Pictures Japan');
INSERT INTO `dbanime`.`tbanimestudio` (`fldName`, `fldDescription`) VALUES ('Kadokawa Pictures USA', 'Kadokawa Pictures USA');
INSERT INTO `dbanime`.`tbanimestudio` (`fldName`, `fldDescription`) VALUES ('Kadokawa Shoten', 'Kadokawa Shoten');
INSERT INTO `dbanime`.`tbanimestudio` (`fldName`, `fldDescription`) VALUES ('Kaeruotoko Shokai', 'Kaeruotoko Shokai');
INSERT INTO `dbanime`.`tbanimestudio` (`fldName`, `fldDescription`) VALUES ('KAGAYA Studio', 'KAGAYA Studio');
INSERT INTO `dbanime`.`tbanimestudio` (`fldName`, `fldDescription`) VALUES ('Kamikaze Douga', 'Kamikaze Douga');
INSERT INTO `dbanime`.`tbanimestudio` (`fldName`, `fldDescription`) VALUES ('Kanaban Graphics', 'Kanaban Graphics');
INSERT INTO `dbanime`.`tbanimestudio` (`fldName`, `fldDescription`) VALUES ('Kaname Productions', 'Kaname Productions');
INSERT INTO `dbanime`.`tbanimestudio` (`fldName`, `fldDescription`) VALUES ('Kanon Sound', 'Kanon Sound');
INSERT INTO `dbanime`.`tbanimestudio` (`fldName`, `fldDescription`) VALUES ('Kansai Telecasting Corporation', 'Kansai Telecasting Corporation');
INSERT INTO `dbanime`.`tbanimestudio` (`fldName`, `fldDescription`) VALUES ('Karaku', 'Karaku');
INSERT INTO `dbanime`.`tbanimestudio` (`fldName`, `fldDescription`) VALUES ('Katsudou-manga-kan', 'Katsudou-manga-kan');
INSERT INTO `dbanime`.`tbanimestudio` (`fldName`, `fldDescription`) VALUES ('Kawamoto Productions', 'Kawamoto Productions');
INSERT INTO `dbanime`.`tbanimestudio` (`fldName`, `fldDescription`) VALUES ('Kazami Gakuen Koushiki Douga-bu', 'Kazami Gakuen Koushiki Douga-bu');
INSERT INTO `dbanime`.`tbanimestudio` (`fldName`, `fldDescription`) VALUES ('Kazuki Production', 'Kazuki Production');
INSERT INTO `dbanime`.`tbanimestudio` (`fldName`, `fldDescription`) VALUES ('KBS', 'KBS');
INSERT INTO `dbanime`.`tbanimestudio` (`fldName`, `fldDescription`) VALUES ('Kenji Studio', 'Kenji Studio');
INSERT INTO `dbanime`.`tbanimestudio` (`fldName`, `fldDescription`) VALUES ('KENMedia', 'KENMedia');
INSERT INTO `dbanime`.`tbanimestudio` (`fldName`, `fldDescription`) VALUES ('KeyEast', 'KeyEast');
INSERT INTO `dbanime`.`tbanimestudio` (`fldName`, `fldDescription`) VALUES ('Khara', 'Khara');
INSERT INTO `dbanime`.`tbanimestudio` (`fldName`, `fldDescription`) VALUES ('Kids Station', 'Kids Station');
INSERT INTO `dbanime`.`tbanimestudio` (`fldName`, `fldDescription`) VALUES ('Kimi To Boku Production Partners', 'Kimi To Boku Production Partners');
INSERT INTO `dbanime`.`tbanimestudio` (`fldName`, `fldDescription`) VALUES ('Kinema Citrus', 'Kinema Citrus');
INSERT INTO `dbanime`.`tbanimestudio` (`fldName`, `fldDescription`) VALUES ('King Bee', 'King Bee');
INSERT INTO `dbanime`.`tbanimestudio` (`fldName`, `fldDescription`) VALUES ('King Records', 'King Records');
INSERT INTO `dbanime`.`tbanimestudio` (`fldName`, `fldDescription`) VALUES ('Kino Production', 'Kino Production');
INSERT INTO `dbanime`.`tbanimestudio` (`fldName`, `fldDescription`) VALUES ('Kinoshita Koumuten', 'Kinoshita Koumuten');
INSERT INTO `dbanime`.`tbanimestudio` (`fldName`, `fldDescription`) VALUES ('Kitty Films', 'Kitty Films');
INSERT INTO `dbanime`.`tbanimestudio` (`fldName`, `fldDescription`) VALUES ('Kitty Media', 'Kitty Media');
INSERT INTO `dbanime`.`tbanimestudio` (`fldName`, `fldDescription`) VALUES ('Kiyosumi High School Mahjong Club', 'Kiyosumi High School Mahjong Club');
INSERT INTO `dbanime`.`tbanimestudio` (`fldName`, `fldDescription`) VALUES ('KlockWorx', 'KlockWorx');
INSERT INTO `dbanime`.`tbanimestudio` (`fldName`, `fldDescription`) VALUES ('KMMJ Studios', 'KMMJ Studios');
INSERT INTO `dbanime`.`tbanimestudio` (`fldName`, `fldDescription`) VALUES ('Knack Animation', 'Knack Animation');
INSERT INTO `dbanime`.`tbanimestudio` (`fldName`, `fldDescription`) VALUES ('Knack Productions', 'Knack Productions');
INSERT INTO `dbanime`.`tbanimestudio` (`fldName`, `fldDescription`) VALUES ('Kodansha', 'Kodansha');
INSERT INTO `dbanime`.`tbanimestudio` (`fldName`, `fldDescription`) VALUES ('Koei', 'Koei');
INSERT INTO `dbanime`.`tbanimestudio` (`fldName`, `fldDescription`) VALUES ('Koei Tecmo Games', 'Koei Tecmo Games');
INSERT INTO `dbanime`.`tbanimestudio` (`fldName`, `fldDescription`) VALUES ('Kojiro Shishido Animation Works', 'Kojiro Shishido Animation Works');
INSERT INTO `dbanime`.`tbanimestudio` (`fldName`, `fldDescription`) VALUES ('Kokusai Eigasha', 'Kokusai Eigasha');
INSERT INTO `dbanime`.`tbanimestudio` (`fldName`, `fldDescription`) VALUES ('Konami', 'Konami');
INSERT INTO `dbanime`.`tbanimestudio` (`fldName`, `fldDescription`) VALUES ('Konami Digital Entertainment', 'Konami Digital Entertainment');
INSERT INTO `dbanime`.`tbanimestudio` (`fldName`, `fldDescription`) VALUES ('KOO-KI', 'KOO-KI');
INSERT INTO `dbanime`.`tbanimestudio` (`fldName`, `fldDescription`) VALUES ('KSS', 'KSS');
INSERT INTO `dbanime`.`tbanimestudio` (`fldName`, `fldDescription`) VALUES ('Kuri Jikken Manga Kobo', 'Kuri Jikken Manga Kobo');
INSERT INTO `dbanime`.`tbanimestudio` (`fldName`, `fldDescription`) VALUES ('Kyodo Eiga', 'Kyodo Eiga');
INSERT INTO `dbanime`.`tbanimestudio` (`fldName`, `fldDescription`) VALUES ('Kyoraku Industrial Holdings', 'Kyoraku Industrial Holdings');
INSERT INTO `dbanime`.`tbanimestudio` (`fldName`, `fldDescription`) VALUES ('Kyoto Animation', 'Kyoto Animation');
INSERT INTO `dbanime`.`tbanimestudio` (`fldName`, `fldDescription`) VALUES ('Kyotoma', 'Kyotoma');
INSERT INTO `dbanime`.`tbanimestudio` (`fldName`, `fldDescription`) VALUES ('Kyowa Film', 'Kyowa Film');
INSERT INTO `dbanime`.`tbanimestudio` (`fldName`, `fldDescription`) VALUES ('L', 'L');
INSERT INTO `dbanime`.`tbanimestudio` (`fldName`, `fldDescription`) VALUES ('L.', 'L.');
INSERT INTO `dbanime`.`tbanimestudio` (`fldName`, `fldDescription`) VALUES ('Lambert', 'Lambert');
INSERT INTO `dbanime`.`tbanimestudio` (`fldName`, `fldDescription`) VALUES ('LandQ studios', 'LandQ studios');
INSERT INTO `dbanime`.`tbanimestudio` (`fldName`, `fldDescription`) VALUES ('Langmaor', 'Langmaor');
INSERT INTO `dbanime`.`tbanimestudio` (`fldName`, `fldDescription`) VALUES ('Lantis', 'Lantis');
INSERT INTO `dbanime`.`tbanimestudio` (`fldName`, `fldDescription`) VALUES ('Lapis', 'Lapis');
INSERT INTO `dbanime`.`tbanimestudio` (`fldName`, `fldDescription`) VALUES ('Larx Entertainment', 'Larx Entertainment');
INSERT INTO `dbanime`.`tbanimestudio` (`fldName`, `fldDescription`) VALUES ('Lastrum Music', 'Lastrum Music');
INSERT INTO `dbanime`.`tbanimestudio` (`fldName`, `fldDescription`) VALUES ('Lawson', 'Lawson');
INSERT INTO `dbanime`.`tbanimestudio` (`fldName`, `fldDescription`) VALUES ('Lawson HMV Entertainment', 'Lawson HMV Entertainment');
INSERT INTO `dbanime`.`tbanimestudio` (`fldName`, `fldDescription`) VALUES ('Lay-duce', 'Lay-duce');
INSERT INTO `dbanime`.`tbanimestudio` (`fldName`, `fldDescription`) VALUES ('L?Studio', 'L?Studio');
INSERT INTO `dbanime`.`tbanimestudio` (`fldName`, `fldDescription`) VALUES ('Lemon Heart', 'Lemon Heart');
INSERT INTO `dbanime`.`tbanimestudio` (`fldName`, `fldDescription`) VALUES ('Lerche', 'Lerche');
INSERT INTO `dbanime`.`tbanimestudio` (`fldName`, `fldDescription`) VALUES ('Level-5', 'Level-5');
INSERT INTO `dbanime`.`tbanimestudio` (`fldName`, `fldDescription`) VALUES ('LIDENFILMS', 'LIDENFILMS');
INSERT INTO `dbanime`.`tbanimestudio` (`fldName`, `fldDescription`) VALUES ('Life Work', 'Life Work');
INSERT INTO `dbanime`.`tbanimestudio` (`fldName`, `fldDescription`) VALUES ('Light Chaser Animation Studios', 'Light Chaser Animation Studios');
INSERT INTO `dbanime`.`tbanimestudio` (`fldName`, `fldDescription`) VALUES ('Liverpool', 'Liverpool');
INSERT INTO `dbanime`.`tbanimestudio` (`fldName`, `fldDescription`) VALUES ('LMD', 'LMD');
INSERT INTO `dbanime`.`tbanimestudio` (`fldName`, `fldDescription`) VALUES ('Lucent Pictures Entertainment', 'Lucent Pictures Entertainment');
INSERT INTO `dbanime`.`tbanimestudio` (`fldName`, `fldDescription`) VALUES ('Lucky Paradise', 'Lucky Paradise');
INSERT INTO `dbanime`.`tbanimestudio` (`fldName`, `fldDescription`) VALUES ('Lune Pictures', 'Lune Pictures');
INSERT INTO `dbanime`.`tbanimestudio` (`fldName`, `fldDescription`) VALUES ('M', 'M');
INSERT INTO `dbanime`.`tbanimestudio` (`fldName`, `fldDescription`) VALUES ('m.o.e.', 'm.o.e.');
INSERT INTO `dbanime`.`tbanimestudio` (`fldName`, `fldDescription`) VALUES ('M.S.C', 'M.S.C');
INSERT INTO `dbanime`.`tbanimestudio` (`fldName`, `fldDescription`) VALUES ('Mad Box', 'Mad Box');
INSERT INTO `dbanime`.`tbanimestudio` (`fldName`, `fldDescription`) VALUES ('Madhouse', 'Madhouse');
INSERT INTO `dbanime`.`tbanimestudio` (`fldName`, `fldDescription`) VALUES ('Madoka Partners', 'Madoka Partners');
INSERT INTO `dbanime`.`tbanimestudio` (`fldName`, `fldDescription`) VALUES ('Mag Garden', 'Mag Garden');
INSERT INTO `dbanime`.`tbanimestudio` (`fldName`, `fldDescription`) VALUES ('MAGES.', 'MAGES.');
INSERT INTO `dbanime`.`tbanimestudio` (`fldName`, `fldDescription`) VALUES ('Magic Bus', 'Magic Bus');
INSERT INTO `dbanime`.`tbanimestudio` (`fldName`, `fldDescription`) VALUES ('Magic Capsule', 'Magic Capsule');
INSERT INTO `dbanime`.`tbanimestudio` (`fldName`, `fldDescription`) VALUES ('Magic Lantern Film', 'Magic Lantern Film');
INSERT INTO `dbanime`.`tbanimestudio` (`fldName`, `fldDescription`) VALUES ('Maiden Japan', 'Maiden Japan');
INSERT INTO `dbanime`.`tbanimestudio` (`fldName`, `fldDescription`) VALUES ('Maikaze', 'Maikaze');
INSERT INTO `dbanime`.`tbanimestudio` (`fldName`, `fldDescription`) VALUES ('Mainichi Broadcasting System', 'Mainichi Broadcasting System');
INSERT INTO `dbanime`.`tbanimestudio` (`fldName`, `fldDescription`) VALUES ('Majin', 'Majin');
INSERT INTO `dbanime`.`tbanimestudio` (`fldName`, `fldDescription`) VALUES ('Manga Entertainment', 'Manga Entertainment');
INSERT INTO `dbanime`.`tbanimestudio` (`fldName`, `fldDescription`) VALUES ('Manglobe', 'Manglobe');
INSERT INTO `dbanime`.`tbanimestudio` (`fldName`, `fldDescription`) VALUES ('MAPPA', 'MAPPA');
INSERT INTO `dbanime`.`tbanimestudio` (`fldName`, `fldDescription`) VALUES ('Marine Entertainment', 'Marine Entertainment');
INSERT INTO `dbanime`.`tbanimestudio` (`fldName`, `fldDescription`) VALUES ('Maru Production', 'Maru Production');
INSERT INTO `dbanime`.`tbanimestudio` (`fldName`, `fldDescription`) VALUES ('Marubeni', 'Marubeni');
INSERT INTO `dbanime`.`tbanimestudio` (`fldName`, `fldDescription`) VALUES ('Marvel Entertainment', 'Marvel Entertainment');
INSERT INTO `dbanime`.`tbanimestudio` (`fldName`, `fldDescription`) VALUES ('Marvelous AQL', 'Marvelous AQL');
INSERT INTO `dbanime`.`tbanimestudio` (`fldName`, `fldDescription`) VALUES ('Marvelous Entertainment', 'Marvelous Entertainment');
INSERT INTO `dbanime`.`tbanimestudio` (`fldName`, `fldDescription`) VALUES ('Marvy Jack', 'Marvy Jack');
INSERT INTO `dbanime`.`tbanimestudio` (`fldName`, `fldDescription`) VALUES ('Mary Jane', 'Mary Jane');
INSERT INTO `dbanime`.`tbanimestudio` (`fldName`, `fldDescription`) VALUES ('Marza Animation Planet', 'Marza Animation Planet');
INSERT INTO `dbanime`.`tbanimestudio` (`fldName`, `fldDescription`) VALUES ('Maxell E-Cube', 'Maxell E-Cube');
INSERT INTO `dbanime`.`tbanimestudio` (`fldName`, `fldDescription`) VALUES ('Mobius Tone', 'Mobius Tone');
INSERT INTO `dbanime`.`tbanimestudio` (`fldName`, `fldDescription`) VALUES ('Media Bank', 'Media Bank');
INSERT INTO `dbanime`.`tbanimestudio` (`fldName`, `fldDescription`) VALUES ('Media Blasters', 'Media Blasters');
INSERT INTO `dbanime`.`tbanimestudio` (`fldName`, `fldDescription`) VALUES ('Media Castle', 'Media Castle');
INSERT INTO `dbanime`.`tbanimestudio` (`fldName`, `fldDescription`) VALUES ('Media Do', 'Media Do');
INSERT INTO `dbanime`.`tbanimestudio` (`fldName`, `fldDescription`) VALUES ('Media Factory', 'Media Factory');
INSERT INTO `dbanime`.`tbanimestudio` (`fldName`, `fldDescription`) VALUES ('Media Rings', 'Media Rings');
INSERT INTO `dbanime`.`tbanimestudio` (`fldName`, `fldDescription`) VALUES ('MediaNet', 'MediaNet');
INSERT INTO `dbanime`.`tbanimestudio` (`fldName`, `fldDescription`) VALUES ('Medicos Entertainment', 'Medicos Entertainment');
INSERT INTO `dbanime`.`tbanimestudio` (`fldName`, `fldDescription`) VALUES ('Medicrie', 'Medicrie');
INSERT INTO `dbanime`.`tbanimestudio` (`fldName`, `fldDescription`) VALUES ('Meiji Seika', 'Meiji Seika');
INSERT INTO `dbanime`.`tbanimestudio` (`fldName`, `fldDescription`) VALUES ('Mellow Head', 'Mellow Head');
INSERT INTO `dbanime`.`tbanimestudio` (`fldName`, `fldDescription`) VALUES ('Memory-Tech', 'Memory-Tech');
INSERT INTO `dbanime`.`tbanimestudio` (`fldName`, `fldDescription`) VALUES ('Milestone Music Publishing', 'Milestone Music Publishing');
INSERT INTO `dbanime`.`tbanimestudio` (`fldName`, `fldDescription`) VALUES ('Milkshake', 'Milkshake');
INSERT INTO `dbanime`.`tbanimestudio` (`fldName`, `fldDescription`) VALUES ('Milky Animation Label', 'Milky Animation Label');
INSERT INTO `dbanime`.`tbanimestudio` (`fldName`, `fldDescription`) VALUES ('Milky Cartoon', 'Milky Cartoon');
INSERT INTO `dbanime`.`tbanimestudio` (`fldName`, `fldDescription`) VALUES ('Millepensee', 'Millepensee');
INSERT INTO `dbanime`.`tbanimestudio` (`fldName`, `fldDescription`) VALUES ('Minami Machi Bugyousho', 'Minami Machi Bugyousho');
INSERT INTO `dbanime`.`tbanimestudio` (`fldName`, `fldDescription`) VALUES ('Ministry of the Navy', 'Ministry of the Navy');
INSERT INTO `dbanime`.`tbanimestudio` (`fldName`, `fldDescription`) VALUES ('Mippei Eigeki Kiryuukan', 'Mippei Eigeki Kiryuukan');
INSERT INTO `dbanime`.`tbanimestudio` (`fldName`, `fldDescription`) VALUES ('Miracle Bus', 'Miracle Bus');
INSERT INTO `dbanime`.`tbanimestudio` (`fldName`, `fldDescription`) VALUES ('Miracle Robo', 'Miracle Robo');
INSERT INTO `dbanime`.`tbanimestudio` (`fldName`, `fldDescription`) VALUES ('Mirai Film', 'Mirai Film');
INSERT INTO `dbanime`.`tbanimestudio` (`fldName`, `fldDescription`) VALUES ('Miramax Films', 'Miramax Films');
INSERT INTO `dbanime`.`tbanimestudio` (`fldName`, `fldDescription`) VALUES ('Misseri Studio', 'Misseri Studio');
INSERT INTO `dbanime`.`tbanimestudio` (`fldName`, `fldDescription`) VALUES ('Mistral Japan', 'Mistral Japan');
INSERT INTO `dbanime`.`tbanimestudio` (`fldName`, `fldDescription`) VALUES ('MK Pictures', 'MK Pictures');
INSERT INTO `dbanime`.`tbanimestudio` (`fldName`, `fldDescription`) VALUES ('MMDGP', 'MMDGP');
INSERT INTO `dbanime`.`tbanimestudio` (`fldName`, `fldDescription`) VALUES ('MMG', 'MMG');
INSERT INTO `dbanime`.`tbanimestudio` (`fldName`, `fldDescription`) VALUES ('Mobcast', 'Mobcast');
INSERT INTO `dbanime`.`tbanimestudio` (`fldName`, `fldDescription`) VALUES ('Monomusik', 'Monomusik');
INSERT INTO `dbanime`.`tbanimestudio` (`fldName`, `fldDescription`) VALUES ('MooGoo', 'MooGoo');
INSERT INTO `dbanime`.`tbanimestudio` (`fldName`, `fldDescription`) VALUES ('Mook Animation', 'Mook Animation');
INSERT INTO `dbanime`.`tbanimestudio` (`fldName`, `fldDescription`) VALUES ('Mook DLE', 'Mook DLE');
INSERT INTO `dbanime`.`tbanimestudio` (`fldName`, `fldDescription`) VALUES ('Moonstone Cherry', 'Moonstone Cherry');
INSERT INTO `dbanime`.`tbanimestudio` (`fldName`, `fldDescription`) VALUES ('Moss Design Unit', 'Moss Design Unit');
INSERT INTO `dbanime`.`tbanimestudio` (`fldName`, `fldDescription`) VALUES ('Movic', 'Movic');
INSERT INTO `dbanime`.`tbanimestudio` (`fldName`, `fldDescription`) VALUES ('MS Pictures', 'MS Pictures');
INSERT INTO `dbanime`.`tbanimestudio` (`fldName`, `fldDescription`) VALUES ('Mushi Production', 'Mushi Production');
INSERT INTO `dbanime`.`tbanimestudio` (`fldName`, `fldDescription`) VALUES ('Myung Films', 'Myung Films');
INSERT INTO `dbanime`.`tbanimestudio` (`fldName`, `fldDescription`) VALUES ('N', 'N');
INSERT INTO `dbanime`.`tbanimestudio` (`fldName`, `fldDescription`) VALUES ('N&G Production', 'N&G Production');
INSERT INTO `dbanime`.`tbanimestudio` (`fldName`, `fldDescription`) VALUES ('Nagoya TV Housou', 'Nagoya TV Housou');
INSERT INTO `dbanime`.`tbanimestudio` (`fldName`, `fldDescription`) VALUES ('Nakamura Production', 'Nakamura Production');
INSERT INTO `dbanime`.`tbanimestudio` (`fldName`, `fldDescription`) VALUES ('Namco Bandai Games', 'Namco Bandai Games');
INSERT INTO `dbanime`.`tbanimestudio` (`fldName`, `fldDescription`) VALUES ('Natsuiro Kiseki Production Partners', 'Natsuiro Kiseki Production Partners');
INSERT INTO `dbanime`.`tbanimestudio` (`fldName`, `fldDescription`) VALUES ('Natural High', 'Natural High');
INSERT INTO `dbanime`.`tbanimestudio` (`fldName`, `fldDescription`) VALUES ('NAZ', 'NAZ');
INSERT INTO `dbanime`.`tbanimestudio` (`fldName`, `fldDescription`) VALUES ('NBCUniversal Entertainment Japan', 'NBCUniversal Entertainment Japan');
INSERT INTO `dbanime`.`tbanimestudio` (`fldName`, `fldDescription`) VALUES ('NEC Avenue', 'NEC Avenue');
INSERT INTO `dbanime`.`tbanimestudio` (`fldName`, `fldDescription`) VALUES ('Neft Film', 'Neft Film');
INSERT INTO `dbanime`.`tbanimestudio` (`fldName`, `fldDescription`) VALUES ('Nelvana', 'Nelvana');
INSERT INTO `dbanime`.`tbanimestudio` (`fldName`, `fldDescription`) VALUES ('Network', 'Network');
INSERT INTO `dbanime`.`tbanimestudio` (`fldName`, `fldDescription`) VALUES ('Nexon', 'Nexon');
INSERT INTO `dbanime`.`tbanimestudio` (`fldName`, `fldDescription`) VALUES ('Next', 'Next');
INSERT INTO `dbanime`.`tbanimestudio` (`fldName`, `fldDescription`) VALUES ('Next Media Animation', 'Next Media Animation');
INSERT INTO `dbanime`.`tbanimestudio` (`fldName`, `fldDescription`) VALUES ('Nexus', 'Nexus');
INSERT INTO `dbanime`.`tbanimestudio` (`fldName`, `fldDescription`) VALUES ('NHK', 'NHK');
INSERT INTO `dbanime`.`tbanimestudio` (`fldName`, `fldDescription`) VALUES ('NHK-BS2', 'NHK-BS2');
INSERT INTO `dbanime`.`tbanimestudio` (`fldName`, `fldDescription`) VALUES ('Nichiei Agency', 'Nichiei Agency');
INSERT INTO `dbanime`.`tbanimestudio` (`fldName`, `fldDescription`) VALUES ('Nihikime no Dozeu', 'Nihikime no Dozeu');
INSERT INTO `dbanime`.`tbanimestudio` (`fldName`, `fldDescription`) VALUES ('Nihon Ad Systems', 'Nihon Ad Systems');
INSERT INTO `dbanime`.`tbanimestudio` (`fldName`, `fldDescription`) VALUES ('Nihon Falcom', 'Nihon Falcom');
INSERT INTO `dbanime`.`tbanimestudio` (`fldName`, `fldDescription`) VALUES ('Nihon Hoso Eigasha', 'Nihon Hoso Eigasha');
INSERT INTO `dbanime`.`tbanimestudio` (`fldName`, `fldDescription`) VALUES ('Nikkatsu', 'Nikkatsu');
INSERT INTO `dbanime`.`tbanimestudio` (`fldName`, `fldDescription`) VALUES ('Nikkatsu Mukojima', 'Nikkatsu Mukojima');
INSERT INTO `dbanime`.`tbanimestudio` (`fldName`, `fldDescription`) VALUES ('Nintendo', 'Nintendo');
INSERT INTO `dbanime`.`tbanimestudio` (`fldName`, `fldDescription`) VALUES ('Nintendo of America', 'Nintendo of America');
INSERT INTO `dbanime`.`tbanimestudio` (`fldName`, `fldDescription`) VALUES ('Nippon Animation', 'Nippon Animation');
INSERT INTO `dbanime`.`tbanimestudio` (`fldName`, `fldDescription`) VALUES ('Nippon Columbia', 'Nippon Columbia');
INSERT INTO `dbanime`.`tbanimestudio` (`fldName`, `fldDescription`) VALUES ('Nippon Shuppan Hanbai', 'Nippon Shuppan Hanbai');
INSERT INTO `dbanime`.`tbanimestudio` (`fldName`, `fldDescription`) VALUES ('Nippon Television Music Corporation', 'Nippon Television Music Corporation');
INSERT INTO `dbanime`.`tbanimestudio` (`fldName`, `fldDescription`) VALUES ('Nippon Television Network Corporation', 'Nippon Television Network Corporation');
INSERT INTO `dbanime`.`tbanimestudio` (`fldName`, `fldDescription`) VALUES ('NIS America, Inc.', 'NIS America, Inc.');
INSERT INTO `dbanime`.`tbanimestudio` (`fldName`, `fldDescription`) VALUES ('Nitroplus', 'Nitroplus');
INSERT INTO `dbanime`.`tbanimestudio` (`fldName`, `fldDescription`) VALUES ('Nomad', 'Nomad');
INSERT INTO `dbanime`.`tbanimestudio` (`fldName`, `fldDescription`) VALUES ('Notes', 'Notes');
INSERT INTO `dbanime`.`tbanimestudio` (`fldName`, `fldDescription`) VALUES ('NOTTV', 'NOTTV');
INSERT INTO `dbanime`.`tbanimestudio` (`fldName`, `fldDescription`) VALUES ('Nozomi Entertainment', 'Nozomi Entertainment');
INSERT INTO `dbanime`.`tbanimestudio` (`fldName`, `fldDescription`) VALUES ('NTT Docomo', 'NTT Docomo');
INSERT INTO `dbanime`.`tbanimestudio` (`fldName`, `fldDescription`) VALUES ('NuTech Digital', 'NuTech Digital');
INSERT INTO `dbanime`.`tbanimestudio` (`fldName`, `fldDescription`) VALUES ('NYAV Post', 'NYAV Post');
INSERT INTO `dbanime`.`tbanimestudio` (`fldName`, `fldDescription`) VALUES ('O', 'O');
INSERT INTO `dbanime`.`tbanimestudio` (`fldName`, `fldDescription`) VALUES ('OB Planning', 'OB Planning');
INSERT INTO `dbanime`.`tbanimestudio` (`fldName`, `fldDescription`) VALUES ('Obtain Future', 'Obtain Future');
INSERT INTO `dbanime`.`tbanimestudio` (`fldName`, `fldDescription`) VALUES ('Oddjob', 'Oddjob');
INSERT INTO `dbanime`.`tbanimestudio` (`fldName`, `fldDescription`) VALUES ('Odolttogi', 'Odolttogi');
INSERT INTO `dbanime`.`tbanimestudio` (`fldName`, `fldDescription`) VALUES ('Office AO', 'Office AO');
INSERT INTO `dbanime`.`tbanimestudio` (`fldName`, `fldDescription`) VALUES ('Office DCI', 'Office DCI');
INSERT INTO `dbanime`.`tbanimestudio` (`fldName`, `fldDescription`) VALUES ('Office Nobu', 'Office Nobu');
INSERT INTO `dbanime`.`tbanimestudio` (`fldName`, `fldDescription`) VALUES ('Office Take Off', 'Office Take Off');
INSERT INTO `dbanime`.`tbanimestudio` (`fldName`, `fldDescription`) VALUES ('Office Takeout', 'Office Takeout');
INSERT INTO `dbanime`.`tbanimestudio` (`fldName`, `fldDescription`) VALUES ('Oh! Production', 'Oh! Production');
INSERT INTO `dbanime`.`tbanimestudio` (`fldName`, `fldDescription`) VALUES ('OLE-M', 'OLE-M');
INSERT INTO `dbanime`.`tbanimestudio` (`fldName`, `fldDescription`) VALUES ('Olive Studio', 'Olive Studio');
INSERT INTO `dbanime`.`tbanimestudio` (`fldName`, `fldDescription`) VALUES ('OLM', 'OLM');
INSERT INTO `dbanime`.`tbanimestudio` (`fldName`, `fldDescription`) VALUES ('OLM Digital', 'OLM Digital');
INSERT INTO `dbanime`.`tbanimestudio` (`fldName`, `fldDescription`) VALUES ('Omnibus Japan', 'Omnibus Japan');
INSERT INTO `dbanime`.`tbanimestudio` (`fldName`, `fldDescription`) VALUES ('Opera House', 'Opera House');
INSERT INTO `dbanime`.`tbanimestudio` (`fldName`, `fldDescription`) VALUES ('Orange', 'Orange');
INSERT INTO `dbanime`.`tbanimestudio` (`fldName`, `fldDescription`) VALUES ('Ordet', 'Ordet');
INSERT INTO `dbanime`.`tbanimestudio` (`fldName`, `fldDescription`) VALUES ('Osaka University of Arts', 'Osaka University of Arts');
INSERT INTO `dbanime`.`tbanimestudio` (`fldName`, `fldDescription`) VALUES ('Otogi Production', 'Otogi Production');
INSERT INTO `dbanime`.`tbanimestudio` (`fldName`, `fldDescription`) VALUES ('Overlap', 'Overlap');
INSERT INTO `dbanime`.`tbanimestudio` (`fldName`, `fldDescription`) VALUES ('Oxybot', 'Oxybot');
INSERT INTO `dbanime`.`tbanimestudio` (`fldName`, `fldDescription`) VALUES ('Oz', 'Oz');
INSERT INTO `dbanime`.`tbanimestudio` (`fldName`, `fldDescription`) VALUES ('P', 'P');
INSERT INTO `dbanime`.`tbanimestudio` (`fldName`, `fldDescription`) VALUES ('P Productions', 'P Productions');
INSERT INTO `dbanime`.`tbanimestudio` (`fldName`, `fldDescription`) VALUES ('P.A. Works', 'P.A. Works');
INSERT INTO `dbanime`.`tbanimestudio` (`fldName`, `fldDescription`) VALUES ('Palm Studio', 'Palm Studio');
INSERT INTO `dbanime`.`tbanimestudio` (`fldName`, `fldDescription`) VALUES ('Panda Factory', 'Panda Factory');
INSERT INTO `dbanime`.`tbanimestudio` (`fldName`, `fldDescription`) VALUES ('Panmedia', 'Panmedia');
INSERT INTO `dbanime`.`tbanimestudio` (`fldName`, `fldDescription`) VALUES ('PansonWorks', 'PansonWorks');
INSERT INTO `dbanime`.`tbanimestudio` (`fldName`, `fldDescription`) VALUES ('Pashmina', 'Pashmina');
INSERT INTO `dbanime`.`tbanimestudio` (`fldName`, `fldDescription`) VALUES ('Passione', 'Passione');
INSERT INTO `dbanime`.`tbanimestudio` (`fldName`, `fldDescription`) VALUES ('Pastel', 'Pastel');
INSERT INTO `dbanime`.`tbanimestudio` (`fldName`, `fldDescription`) VALUES ('Pencil', 'Pencil');
INSERT INTO `dbanime`.`tbanimestudio` (`fldName`, `fldDescription`) VALUES ('Penta Show Studios', 'Penta Show Studios');
INSERT INTO `dbanime`.`tbanimestudio` (`fldName`, `fldDescription`) VALUES ('Peter Pan Creation', 'Peter Pan Creation');
INSERT INTO `dbanime`.`tbanimestudio` (`fldName`, `fldDescription`) VALUES ('Phoenix Entertainment', 'Phoenix Entertainment');
INSERT INTO `dbanime`.`tbanimestudio` (`fldName`, `fldDescription`) VALUES ('Picograph', 'Picograph');
INSERT INTO `dbanime`.`tbanimestudio` (`fldName`, `fldDescription`) VALUES ('Picture Magic', 'Picture Magic');
INSERT INTO `dbanime`.`tbanimestudio` (`fldName`, `fldDescription`) VALUES ('Pie in The Sky', 'Pie in The Sky');
INSERT INTO `dbanime`.`tbanimestudio` (`fldName`, `fldDescription`) VALUES ('Pied Piper', 'Pied Piper');
INSERT INTO `dbanime`.`tbanimestudio` (`fldName`, `fldDescription`) VALUES ('Pierrot Plus', 'Pierrot Plus');
INSERT INTO `dbanime`.`tbanimestudio` (`fldName`, `fldDescription`) VALUES ('Piko Studio', 'Piko Studio');
INSERT INTO `dbanime`.`tbanimestudio` (`fldName`, `fldDescription`) VALUES ('Pine Jam', 'Pine Jam');
INSERT INTO `dbanime`.`tbanimestudio` (`fldName`, `fldDescription`) VALUES ('Pink Pineapple', 'Pink Pineapple');
INSERT INTO `dbanime`.`tbanimestudio` (`fldName`, `fldDescription`) VALUES ('Pioneer LDC', 'Pioneer LDC');
INSERT INTO `dbanime`.`tbanimestudio` (`fldName`, `fldDescription`) VALUES ('Pixy', 'Pixy');
INSERT INTO `dbanime`.`tbanimestudio` (`fldName`, `fldDescription`) VALUES ('Planet', 'Planet');
INSERT INTO `dbanime`.`tbanimestudio` (`fldName`, `fldDescription`) VALUES ('Platinum Vision', 'Platinum Vision');
INSERT INTO `dbanime`.`tbanimestudio` (`fldName`, `fldDescription`) VALUES ('Plum', 'Plum');
INSERT INTO `dbanime`.`tbanimestudio` (`fldName`, `fldDescription`) VALUES ('Plus Heads', 'Plus Heads');
INSERT INTO `dbanime`.`tbanimestudio` (`fldName`, `fldDescription`) VALUES ('Po10tial', 'Po10tial');
INSERT INTO `dbanime`.`tbanimestudio` (`fldName`, `fldDescription`) VALUES ('Pollyanna Graphics', 'Pollyanna Graphics');
INSERT INTO `dbanime`.`tbanimestudio` (`fldName`, `fldDescription`) VALUES ('Polygon Pictures', 'Polygon Pictures');
INSERT INTO `dbanime`.`tbanimestudio` (`fldName`, `fldDescription`) VALUES ('Polygram Japan', 'Polygram Japan');
INSERT INTO `dbanime`.`tbanimestudio` (`fldName`, `fldDescription`) VALUES ('Poncotan', 'Poncotan');
INSERT INTO `dbanime`.`tbanimestudio` (`fldName`, `fldDescription`) VALUES ('Pony Canyon', 'Pony Canyon');
INSERT INTO `dbanime`.`tbanimestudio` (`fldName`, `fldDescription`) VALUES ('Ponycan USA', 'Ponycan USA');
INSERT INTO `dbanime`.`tbanimestudio` (`fldName`, `fldDescription`) VALUES ('PoPoCo', 'PoPoCo');
INSERT INTO `dbanime`.`tbanimestudio` (`fldName`, `fldDescription`) VALUES ('PoRO', 'PoRO');
INSERT INTO `dbanime`.`tbanimestudio` (`fldName`, `fldDescription`) VALUES ('Postgal Workshop', 'Postgal Workshop');
INSERT INTO `dbanime`.`tbanimestudio` (`fldName`, `fldDescription`) VALUES ('PPM', 'PPM');
INSERT INTO `dbanime`.`tbanimestudio` (`fldName`, `fldDescription`) VALUES ('PPP', 'PPP');
INSERT INTO `dbanime`.`tbanimestudio` (`fldName`, `fldDescription`) VALUES ('PRA', 'PRA');
INSERT INTO `dbanime`.`tbanimestudio` (`fldName`, `fldDescription`) VALUES ('Primastea', 'Primastea');
INSERT INTO `dbanime`.`tbanimestudio` (`fldName`, `fldDescription`) VALUES ('PrimeTime', 'PrimeTime');
INSERT INTO `dbanime`.`tbanimestudio` (`fldName`, `fldDescription`) VALUES ('Procidis', 'Procidis');
INSERT INTO `dbanime`.`tbanimestudio` (`fldName`, `fldDescription`) VALUES ('Production GoodBook', 'Production GoodBook');
INSERT INTO `dbanime`.`tbanimestudio` (`fldName`, `fldDescription`) VALUES ('Production I.G', 'Production I.G');
INSERT INTO `dbanime`.`tbanimestudio` (`fldName`, `fldDescription`) VALUES ('Production IMS', 'Production IMS');
INSERT INTO `dbanime`.`tbanimestudio` (`fldName`, `fldDescription`) VALUES ('Production Reed', 'Production Reed');
INSERT INTO `dbanime`.`tbanimestudio` (`fldName`, `fldDescription`) VALUES ('Project Eureka AO', 'Project Eureka AO');
INSERT INTO `dbanime`.`tbanimestudio` (`fldName`, `fldDescription`) VALUES ('Project IS', 'Project IS');
INSERT INTO `dbanime`.`tbanimestudio` (`fldName`, `fldDescription`) VALUES ('project lights', 'project lights');
INSERT INTO `dbanime`.`tbanimestudio` (`fldName`, `fldDescription`) VALUES ('Project No Name', 'Project No Name');
INSERT INTO `dbanime`.`tbanimestudio` (`fldName`, `fldDescription`) VALUES ('Project No.9', 'Project No.9');
INSERT INTO `dbanime`.`tbanimestudio` (`fldName`, `fldDescription`) VALUES ('Project Railgun', 'Project Railgun');
INSERT INTO `dbanime`.`tbanimestudio` (`fldName`, `fldDescription`) VALUES ('Project Team Eikyuu Kikan', 'Project Team Eikyuu Kikan');
INSERT INTO `dbanime`.`tbanimestudio` (`fldName`, `fldDescription`) VALUES ('PSG', 'PSG');
INSERT INTO `dbanime`.`tbanimestudio` (`fldName`, `fldDescription`) VALUES ('Public & Basic', 'Public & Basic');
INSERT INTO `dbanime`.`tbanimestudio` (`fldName`, `fldDescription`) VALUES ('Purple Cow Studio Japan', 'Purple Cow Studio Japan');
INSERT INTO `dbanime`.`tbanimestudio` (`fldName`, `fldDescription`) VALUES ('Puzzle Animation Studio Limited', 'Puzzle Animation Studio Limited');
INSERT INTO `dbanime`.`tbanimestudio` (`fldName`, `fldDescription`) VALUES ('Q', 'Q');
INSERT INTO `dbanime`.`tbanimestudio` (`fldName`, `fldDescription`) VALUES ('Q-Tec', 'Q-Tec');
INSERT INTO `dbanime`.`tbanimestudio` (`fldName`, `fldDescription`) VALUES ('Qualia Animation', 'Qualia Animation');
INSERT INTO `dbanime`.`tbanimestudio` (`fldName`, `fldDescription`) VALUES ('Queen Bee', 'Queen Bee');
INSERT INTO `dbanime`.`tbanimestudio` (`fldName`, `fldDescription`) VALUES ('R', 'R');
INSERT INTO `dbanime`.`tbanimestudio` (`fldName`, `fldDescription`) VALUES ('RAB Aomori Broadcasting Corporation', 'RAB Aomori Broadcasting Corporation');
INSERT INTO `dbanime`.`tbanimestudio` (`fldName`, `fldDescription`) VALUES ('Rabbit Gate', 'Rabbit Gate');
INSERT INTO `dbanime`.`tbanimestudio` (`fldName`, `fldDescription`) VALUES ('Rabbit Machine', 'Rabbit Machine');
INSERT INTO `dbanime`.`tbanimestudio` (`fldName`, `fldDescription`) VALUES ('Radix', 'Radix');
INSERT INTO `dbanime`.`tbanimestudio` (`fldName`, `fldDescription`) VALUES ('Raku High Student Council', 'Raku High Student Council');
INSERT INTO `dbanime`.`tbanimestudio` (`fldName`, `fldDescription`) VALUES ('Rakuonsha', 'Rakuonsha');
INSERT INTO `dbanime`.`tbanimestudio` (`fldName`, `fldDescription`) VALUES ('Rambling Records', 'Rambling Records');
INSERT INTO `dbanime`.`tbanimestudio` (`fldName`, `fldDescription`) VALUES ('RAMS', 'RAMS');
INSERT INTO `dbanime`.`tbanimestudio` (`fldName`, `fldDescription`) VALUES ('Rankin/Bass', 'Rankin/Bass');
INSERT INTO `dbanime`.`tbanimestudio` (`fldName`, `fldDescription`) VALUES ('RCC Chugoku Broadcasting', 'RCC Chugoku Broadcasting');
INSERT INTO `dbanime`.`tbanimestudio` (`fldName`, `fldDescription`) VALUES ('REALTHING', 'REALTHING');
INSERT INTO `dbanime`.`tbanimestudio` (`fldName`, `fldDescription`) VALUES ('Remic', 'Remic');
INSERT INTO `dbanime`.`tbanimestudio` (`fldName`, `fldDescription`) VALUES ('RG Animation Studios', 'RG Animation Studios');
INSERT INTO `dbanime`.`tbanimestudio` (`fldName`, `fldDescription`) VALUES ('Right Gauge', 'Right Gauge');
INSERT INTO `dbanime`.`tbanimestudio` (`fldName`, `fldDescription`) VALUES ('RightTracks', 'RightTracks');
INSERT INTO `dbanime`.`tbanimestudio` (`fldName`, `fldDescription`) VALUES ('Rikuentai', 'Rikuentai');
INSERT INTO `dbanime`.`tbanimestudio` (`fldName`, `fldDescription`) VALUES ('Ripple Film', 'Ripple Film');
INSERT INTO `dbanime`.`tbanimestudio` (`fldName`, `fldDescription`) VALUES ('Ripromo', 'Ripromo');
INSERT INTO `dbanime`.`tbanimestudio` (`fldName`, `fldDescription`) VALUES ('Rironsha', 'Rironsha');
INSERT INTO `dbanime`.`tbanimestudio` (`fldName`, `fldDescription`) VALUES ('Rising Force', 'Rising Force');
INSERT INTO `dbanime`.`tbanimestudio` (`fldName`, `fldDescription`) VALUES ('Robot', 'Robot');
INSERT INTO `dbanime`.`tbanimestudio` (`fldName`, `fldDescription`) VALUES ('RoiVisual', 'RoiVisual');
INSERT INTO `dbanime`.`tbanimestudio` (`fldName`, `fldDescription`) VALUES ('Romanov Films', 'Romanov Films');
INSERT INTO `dbanime`.`tbanimestudio` (`fldName`, `fldDescription`) VALUES ('Romantica club !!', 'Romantica club !!');
INSERT INTO `dbanime`.`tbanimestudio` (`fldName`, `fldDescription`) VALUES ('Rondo Robe', 'Rondo Robe');
INSERT INTO `dbanime`.`tbanimestudio` (`fldName`, `fldDescription`) VALUES ('RTHK', 'RTHK');
INSERT INTO `dbanime`.`tbanimestudio` (`fldName`, `fldDescription`) VALUES ('Ruby-Spears Productions', 'Ruby-Spears Productions');
INSERT INTO `dbanime`.`tbanimestudio` (`fldName`, `fldDescription`) VALUES ('Ryukyu Asahi Broadcasting', 'Ryukyu Asahi Broadcasting');
INSERT INTO `dbanime`.`tbanimestudio` (`fldName`, `fldDescription`) VALUES ('S', 'S');
INSERT INTO `dbanime`.`tbanimestudio` (`fldName`, `fldDescription`) VALUES ('Saban Brands', 'Saban Brands');
INSERT INTO `dbanime`.`tbanimestudio` (`fldName`, `fldDescription`) VALUES ('Saban Entertainment', 'Saban Entertainment');
INSERT INTO `dbanime`.`tbanimestudio` (`fldName`, `fldDescription`) VALUES ('Sakura Color Film', 'Sakura Color Film');
INSERT INTO `dbanime`.`tbanimestudio` (`fldName`, `fldDescription`) VALUES ('Sakura Create', 'Sakura Create');
INSERT INTO `dbanime`.`tbanimestudio` (`fldName`, `fldDescription`) VALUES ('Sakura Motion Picture', 'Sakura Motion Picture');
INSERT INTO `dbanime`.`tbanimestudio` (`fldName`, `fldDescription`) VALUES ('Sakura Production', 'Sakura Production');
INSERT INTO `dbanime`.`tbanimestudio` (`fldName`, `fldDescription`) VALUES ('SamBakZa', 'SamBakZa');
INSERT INTO `dbanime`.`tbanimestudio` (`fldName`, `fldDescription`) VALUES ('Sammy', 'Sammy');
INSERT INTO `dbanime`.`tbanimestudio` (`fldName`, `fldDescription`) VALUES ('San-X', 'San-X');
INSERT INTO `dbanime`.`tbanimestudio` (`fldName`, `fldDescription`) VALUES ('Sanctuary', 'Sanctuary');
INSERT INTO `dbanime`.`tbanimestudio` (`fldName`, `fldDescription`) VALUES ('Sankyo Planning', 'Sankyo Planning');
INSERT INTO `dbanime`.`tbanimestudio` (`fldName`, `fldDescription`) VALUES ('Sanrio', 'Sanrio');
INSERT INTO `dbanime`.`tbanimestudio` (`fldName`, `fldDescription`) VALUES ('Sanrio Digital', 'Sanrio Digital');
INSERT INTO `dbanime`.`tbanimestudio` (`fldName`, `fldDescription`) VALUES ('Sanyo', 'Sanyo');
INSERT INTO `dbanime`.`tbanimestudio` (`fldName`, `fldDescription`) VALUES ('SANZIGEN', 'SANZIGEN');
INSERT INTO `dbanime`.`tbanimestudio` (`fldName`, `fldDescription`) VALUES ('Satelight', 'Satelight');
INSERT INTO `dbanime`.`tbanimestudio` (`fldName`, `fldDescription`) VALUES ('Sav! The World Productions', 'Sav! The World Productions');
INSERT INTO `dbanime`.`tbanimestudio` (`fldName`, `fldDescription`) VALUES ('SBS TV Production', 'SBS TV Production');
INSERT INTO `dbanime`.`tbanimestudio` (`fldName`, `fldDescription`) VALUES ('Schoolzone', 'Schoolzone');
INSERT INTO `dbanime`.`tbanimestudio` (`fldName`, `fldDescription`) VALUES ('SEDIC International', 'SEDIC International');
INSERT INTO `dbanime`.`tbanimestudio` (`fldName`, `fldDescription`) VALUES ('Sega', 'Sega');
INSERT INTO `dbanime`.`tbanimestudio` (`fldName`, `fldDescription`) VALUES ('seikaisha', 'seikaisha');
INSERT INTO `dbanime`.`tbanimestudio` (`fldName`, `fldDescription`) VALUES ('SEK Studios', 'SEK Studios');
INSERT INTO `dbanime`.`tbanimestudio` (`fldName`, `fldDescription`) VALUES ('Senran Kagura Partners', 'Senran Kagura Partners');
INSERT INTO `dbanime`.`tbanimestudio` (`fldName`, `fldDescription`) VALUES ('Sentai Filmworks', 'Sentai Filmworks');
INSERT INTO `dbanime`.`tbanimestudio` (`fldName`, `fldDescription`) VALUES ('Seta Corporation', 'Seta Corporation');
INSERT INTO `dbanime`.`tbanimestudio` (`fldName`, `fldDescription`) VALUES ('Seven', 'Seven');
INSERT INTO `dbanime`.`tbanimestudio` (`fldName`, `fldDescription`) VALUES ('Seven Arcs', 'Seven Arcs');
INSERT INTO `dbanime`.`tbanimestudio` (`fldName`, `fldDescription`) VALUES ('Shaft', 'Shaft');
INSERT INTO `dbanime`.`tbanimestudio` (`fldName`, `fldDescription`) VALUES ('Shanghai Animation Film Studio', 'Shanghai Animation Film Studio');
INSERT INTO `dbanime`.`tbanimestudio` (`fldName`, `fldDescription`) VALUES ('Shelty', 'Shelty');
INSERT INTO `dbanime`.`tbanimestudio` (`fldName`, `fldDescription`) VALUES ('Shimogumi', 'Shimogumi');
INSERT INTO `dbanime`.`tbanimestudio` (`fldName`, `fldDescription`) VALUES ('Shin-Ei Animation', 'Shin-Ei Animation');
INSERT INTO `dbanime`.`tbanimestudio` (`fldName`, `fldDescription`) VALUES ('Shinano Kikaku', 'Shinano Kikaku');
INSERT INTO `dbanime`.`tbanimestudio` (`fldName`, `fldDescription`) VALUES ('Shingeki no Kyojin Team', 'Shingeki no Kyojin Team');
INSERT INTO `dbanime`.`tbanimestudio` (`fldName`, `fldDescription`) VALUES ('Shinkuukan', 'Shinkuukan');
INSERT INTO `dbanime`.`tbanimestudio` (`fldName`, `fldDescription`) VALUES ('Shinwon Productions', 'Shinwon Productions');
INSERT INTO `dbanime`.`tbanimestudio` (`fldName`, `fldDescription`) VALUES ('Shinyusha', 'Shinyusha');
INSERT INTO `dbanime`.`tbanimestudio` (`fldName`, `fldDescription`) VALUES ('Shirogumi', 'Shirogumi');
INSERT INTO `dbanime`.`tbanimestudio` (`fldName`, `fldDescription`) VALUES ('Shizuoka Broadcasting System', 'Shizuoka Broadcasting System');
INSERT INTO `dbanime`.`tbanimestudio` (`fldName`, `fldDescription`) VALUES ('Shochiku', 'Shochiku');
INSERT INTO `dbanime`.`tbanimestudio` (`fldName`, `fldDescription`) VALUES ('Shochiku Animation Institute', 'Shochiku Animation Institute');
INSERT INTO `dbanime`.`tbanimestudio` (`fldName`, `fldDescription`) VALUES ('Shogakukan', 'Shogakukan');
INSERT INTO `dbanime`.`tbanimestudio` (`fldName`, `fldDescription`) VALUES ('Shogakukan Music & Digital Entertainment', 'Shogakukan Music & Digital Entertainment');
INSERT INTO `dbanime`.`tbanimestudio` (`fldName`, `fldDescription`) VALUES ('Shogakukan Productions', 'Shogakukan Productions');
INSERT INTO `dbanime`.`tbanimestudio` (`fldName`, `fldDescription`) VALUES ('Showgate', 'Showgate');
INSERT INTO `dbanime`.`tbanimestudio` (`fldName`, `fldDescription`) VALUES ('Shueisha', 'Shueisha');
INSERT INTO `dbanime`.`tbanimestudio` (`fldName`, `fldDescription`) VALUES ('Shuka', 'Shuka');
INSERT INTO `dbanime`.`tbanimestudio` (`fldName`, `fldDescription`) VALUES ('Shuuhei Morita', 'Shuuhei Morita');
INSERT INTO `dbanime`.`tbanimestudio` (`fldName`, `fldDescription`) VALUES ('SIDO LIMITED', 'SIDO LIMITED');
INSERT INTO `dbanime`.`tbanimestudio` (`fldName`, `fldDescription`) VALUES ('Signal. MD', 'Signal. MD');
INSERT INTO `dbanime`.`tbanimestudio` (`fldName`, `fldDescription`) VALUES ('Silkys', 'Silkys');
INSERT INTO `dbanime`.`tbanimestudio` (`fldName`, `fldDescription`) VALUES ('Silver Link.', 'Silver Link.');
INSERT INTO `dbanime`.`tbanimestudio` (`fldName`, `fldDescription`) VALUES ('Skouras', 'Skouras');
INSERT INTO `dbanime`.`tbanimestudio` (`fldName`, `fldDescription`) VALUES ('SKY Perfect Well Think', 'SKY Perfect Well Think');
INSERT INTO `dbanime`.`tbanimestudio` (`fldName`, `fldDescription`) VALUES ('Slowcurve', 'Slowcurve');
INSERT INTO `dbanime`.`tbanimestudio` (`fldName`, `fldDescription`) VALUES ('SME Visual Works', 'SME Visual Works');
INSERT INTO `dbanime`.`tbanimestudio` (`fldName`, `fldDescription`) VALUES ('SOEISHINSHA', 'SOEISHINSHA');
INSERT INTO `dbanime`.`tbanimestudio` (`fldName`, `fldDescription`) VALUES ('Soft Garage', 'Soft Garage');
INSERT INTO `dbanime`.`tbanimestudio` (`fldName`, `fldDescription`) VALUES ('Soft on Demand', 'Soft on Demand');
INSERT INTO `dbanime`.`tbanimestudio` (`fldName`, `fldDescription`) VALUES ('SoftBank Creative Corp.', 'SoftBank Creative Corp.');
INSERT INTO `dbanime`.`tbanimestudio` (`fldName`, `fldDescription`) VALUES ('SoftCel Pictures', 'SoftCel Pictures');
INSERT INTO `dbanime`.`tbanimestudio` (`fldName`, `fldDescription`) VALUES ('SoftX', 'SoftX');
INSERT INTO `dbanime`.`tbanimestudio` (`fldName`, `fldDescription`) VALUES ('Sogo Vision', 'Sogo Vision');
INSERT INTO `dbanime`.`tbanimestudio` (`fldName`, `fldDescription`) VALUES ('Sol Blade', 'Sol Blade');
INSERT INTO `dbanime`.`tbanimestudio` (`fldName`, `fldDescription`) VALUES ('Sola Digital Arts', 'Sola Digital Arts');
INSERT INTO `dbanime`.`tbanimestudio` (`fldName`, `fldDescription`) VALUES ('Solid Vox', 'Solid Vox');
INSERT INTO `dbanime`.`tbanimestudio` (`fldName`, `fldDescription`) VALUES ('Sony Music Communications', 'Sony Music Communications');
INSERT INTO `dbanime`.`tbanimestudio` (`fldName`, `fldDescription`) VALUES ('Sony Music Entertainment', 'Sony Music Entertainment');
INSERT INTO `dbanime`.`tbanimestudio` (`fldName`, `fldDescription`) VALUES ('Sony PCL', 'Sony PCL');
INSERT INTO `dbanime`.`tbanimestudio` (`fldName`, `fldDescription`) VALUES ('Sony Pictures Entertainment', 'Sony Pictures Entertainment');
INSERT INTO `dbanime`.`tbanimestudio` (`fldName`, `fldDescription`) VALUES ('Sotsu', 'Sotsu');
INSERT INTO `dbanime`.`tbanimestudio` (`fldName`, `fldDescription`) VALUES ('Souten Studio', 'Souten Studio');
INSERT INTO `dbanime`.`tbanimestudio` (`fldName`, `fldDescription`) VALUES ('Sovat Theater', 'Sovat Theater');
INSERT INTO `dbanime`.`tbanimestudio` (`fldName`, `fldDescription`) VALUES ('Soyuzmultfilm', 'Soyuzmultfilm');
INSERT INTO `dbanime`.`tbanimestudio` (`fldName`, `fldDescription`) VALUES ('Space Neko Company Ltd.', 'Space Neko Company Ltd.');
INSERT INTO `dbanime`.`tbanimestudio` (`fldName`, `fldDescription`) VALUES ('Space Shower Music', 'Space Shower Music');
INSERT INTO `dbanime`.`tbanimestudio` (`fldName`, `fldDescription`) VALUES ('Sparky Animation', 'Sparky Animation');
INSERT INTO `dbanime`.`tbanimestudio` (`fldName`, `fldDescription`) VALUES ('SPEED', 'SPEED');
INSERT INTO `dbanime`.`tbanimestudio` (`fldName`, `fldDescription`) VALUES ('SPO Entertainment', 'SPO Entertainment');
INSERT INTO `dbanime`.`tbanimestudio` (`fldName`, `fldDescription`) VALUES ('Sprite Animation Studios', 'Sprite Animation Studios');
INSERT INTO `dbanime`.`tbanimestudio` (`fldName`, `fldDescription`) VALUES ('Square Enix', 'Square Enix');
INSERT INTO `dbanime`.`tbanimestudio` (`fldName`, `fldDescription`) VALUES ('Starchild Records', 'Starchild Records');
INSERT INTO `dbanime`.`tbanimestudio` (`fldName`, `fldDescription`) VALUES ('Steve N\' Steven', 'Steve N\' Steven');
INSERT INTO `dbanime`.`tbanimestudio` (`fldName`, `fldDescription`) VALUES ('Sting Ray', 'Sting Ray');
INSERT INTO `dbanime`.`tbanimestudio` (`fldName`, `fldDescription`) VALUES ('Strawberry Meets Pictures', 'Strawberry Meets Pictures');
INSERT INTO `dbanime`.`tbanimestudio` (`fldName`, `fldDescription`) VALUES ('Studio 1st', 'Studio 1st');
INSERT INTO `dbanime`.`tbanimestudio` (`fldName`, `fldDescription`) VALUES ('Studio 3Hz', 'Studio 3Hz');
INSERT INTO `dbanime`.`tbanimestudio` (`fldName`, `fldDescription`) VALUES ('Studio 4C', 'Studio 4C');
INSERT INTO `dbanime`.`tbanimestudio` (`fldName`, `fldDescription`) VALUES ('Studio 9 MAiami', 'Studio 9 MAiami');
INSERT INTO `dbanime`.`tbanimestudio` (`fldName`, `fldDescription`) VALUES ('Studio A-CAT', 'Studio A-CAT');
INSERT INTO `dbanime`.`tbanimestudio` (`fldName`, `fldDescription`) VALUES ('Studio Anima', 'Studio Anima');
INSERT INTO `dbanime`.`tbanimestudio` (`fldName`, `fldDescription`) VALUES ('Studio Animal', 'Studio Animal');
INSERT INTO `dbanime`.`tbanimestudio` (`fldName`, `fldDescription`) VALUES ('Studio Binzo', 'Studio Binzo');
INSERT INTO `dbanime`.`tbanimestudio` (`fldName`, `fldDescription`) VALUES ('Studio Blanc', 'Studio Blanc');
INSERT INTO `dbanime`.`tbanimestudio` (`fldName`, `fldDescription`) VALUES ('Studio Bogey', 'Studio Bogey');
INSERT INTO `dbanime`.`tbanimestudio` (`fldName`, `fldDescription`) VALUES ('Studio Cab', 'Studio Cab');
INSERT INTO `dbanime`.`tbanimestudio` (`fldName`, `fldDescription`) VALUES ('Studio Chizu', 'Studio Chizu');
INSERT INTO `dbanime`.`tbanimestudio` (`fldName`, `fldDescription`) VALUES ('Studio Cockpit', 'Studio Cockpit');
INSERT INTO `dbanime`.`tbanimestudio` (`fldName`, `fldDescription`) VALUES ('Studio Colorido', 'Studio Colorido');
INSERT INTO `dbanime`.`tbanimestudio` (`fldName`, `fldDescription`) VALUES ('Studio Comet', 'Studio Comet');
INSERT INTO `dbanime`.`tbanimestudio` (`fldName`, `fldDescription`) VALUES ('Studio Compile', 'Studio Compile');
INSERT INTO `dbanime`.`tbanimestudio` (`fldName`, `fldDescription`) VALUES ('Studio Core', 'Studio Core');
INSERT INTO `dbanime`.`tbanimestudio` (`fldName`, `fldDescription`) VALUES ('Studio Curtain', 'Studio Curtain');
INSERT INTO `dbanime`.`tbanimestudio` (`fldName`, `fldDescription`) VALUES ('Studio Dadashow', 'Studio Dadashow');
INSERT INTO `dbanime`.`tbanimestudio` (`fldName`, `fldDescription`) VALUES ('Studio Deen', 'Studio Deen');
INSERT INTO `dbanime`.`tbanimestudio` (`fldName`, `fldDescription`) VALUES ('Studio Deva Loka', 'Studio Deva Loka');
INSERT INTO `dbanime`.`tbanimestudio` (`fldName`, `fldDescription`) VALUES ('Studio Don Juan', 'Studio Don Juan');
INSERT INTO `dbanime`.`tbanimestudio` (`fldName`, `fldDescription`) VALUES ('Studio Egg', 'Studio Egg');
INSERT INTO `dbanime`.`tbanimestudio` (`fldName`, `fldDescription`) VALUES ('Studio elle', 'Studio elle');
INSERT INTO `dbanime`.`tbanimestudio` (`fldName`, `fldDescription`) VALUES ('Studio Eromatick', 'Studio Eromatick');
INSERT INTO `dbanime`.`tbanimestudio` (`fldName`, `fldDescription`) VALUES ('Studio Fantasia', 'Studio Fantasia');
INSERT INTO `dbanime`.`tbanimestudio` (`fldName`, `fldDescription`) VALUES ('Studio Flag', 'Studio Flag');
INSERT INTO `dbanime`.`tbanimestudio` (`fldName`, `fldDescription`) VALUES ('Studio G-1Neo', 'Studio G-1Neo');
INSERT INTO `dbanime`.`tbanimestudio` (`fldName`, `fldDescription`) VALUES ('Studio Gallop', 'Studio Gallop');
INSERT INTO `dbanime`.`tbanimestudio` (`fldName`, `fldDescription`) VALUES ('Studio GDW', 'Studio GDW');
INSERT INTO `dbanime`.`tbanimestudio` (`fldName`, `fldDescription`) VALUES ('Studio Ghibli', 'Studio Ghibli');
INSERT INTO `dbanime`.`tbanimestudio` (`fldName`, `fldDescription`) VALUES ('Studio Gokumi', 'Studio Gokumi');
INSERT INTO `dbanime`.`tbanimestudio` (`fldName`, `fldDescription`) VALUES ('Studio GOONEYS', 'Studio GOONEYS');
INSERT INTO `dbanime`.`tbanimestudio` (`fldName`, `fldDescription`) VALUES ('Studio Gram', 'Studio Gram');
INSERT INTO `dbanime`.`tbanimestudio` (`fldName`, `fldDescription`) VALUES ('Studio Hibari', 'Studio Hibari');
INSERT INTO `dbanime`.`tbanimestudio` (`fldName`, `fldDescription`) VALUES ('Studio Izena', 'Studio Izena');
INSERT INTO `dbanime`.`tbanimestudio` (`fldName`, `fldDescription`) VALUES ('Studio Jack', 'Studio Jack');
INSERT INTO `dbanime`.`tbanimestudio` (`fldName`, `fldDescription`) VALUES ('Studio Jam', 'Studio Jam');
INSERT INTO `dbanime`.`tbanimestudio` (`fldName`, `fldDescription`) VALUES ('Studio Junio', 'Studio Junio');
INSERT INTO `dbanime`.`tbanimestudio` (`fldName`, `fldDescription`) VALUES ('Studio Kaab', 'Studio Kaab');
INSERT INTO `dbanime`.`tbanimestudio` (`fldName`, `fldDescription`) VALUES ('Studio Kajino', 'Studio Kajino');
INSERT INTO `dbanime`.`tbanimestudio` (`fldName`, `fldDescription`) VALUES ('Studio Kelmadick', 'Studio Kelmadick');
INSERT INTO `dbanime`.`tbanimestudio` (`fldName`, `fldDescription`) VALUES ('Studio Kikan', 'Studio Kikan');
INSERT INTO `dbanime`.`tbanimestudio` (`fldName`, `fldDescription`) VALUES ('Studio Korumi', 'Studio Korumi');
INSERT INTO `dbanime`.`tbanimestudio` (`fldName`, `fldDescription`) VALUES ('Studio Kuma', 'Studio Kuma');
INSERT INTO `dbanime`.`tbanimestudio` (`fldName`, `fldDescription`) VALUES ('Studio Kyuuma', 'Studio Kyuuma');
INSERT INTO `dbanime`.`tbanimestudio` (`fldName`, `fldDescription`) VALUES ('Studio Liberty', 'Studio Liberty');
INSERT INTO `dbanime`.`tbanimestudio` (`fldName`, `fldDescription`) VALUES ('Studio Live', 'Studio Live');
INSERT INTO `dbanime`.`tbanimestudio` (`fldName`, `fldDescription`) VALUES ('Studio Lotus', 'Studio Lotus');
INSERT INTO `dbanime`.`tbanimestudio` (`fldName`, `fldDescription`) VALUES ('Studio March', 'Studio March');
INSERT INTO `dbanime`.`tbanimestudio` (`fldName`, `fldDescription`) VALUES ('Studio Matrix', 'Studio Matrix');
INSERT INTO `dbanime`.`tbanimestudio` (`fldName`, `fldDescription`) VALUES ('Studio Mausu', 'Studio Mausu');
INSERT INTO `dbanime`.`tbanimestudio` (`fldName`, `fldDescription`) VALUES ('Studio Meditation With a Pencil', 'Studio Meditation With a Pencil');
INSERT INTO `dbanime`.`tbanimestudio` (`fldName`, `fldDescription`) VALUES ('Studio Mirai', 'Studio Mirai');
INSERT INTO `dbanime`.`tbanimestudio` (`fldName`, `fldDescription`) VALUES ('Studio Moriken', 'Studio Moriken');
INSERT INTO `dbanime`.`tbanimestudio` (`fldName`, `fldDescription`) VALUES ('Studio MWP', 'Studio MWP');
INSERT INTO `dbanime`.`tbanimestudio` (`fldName`, `fldDescription`) VALUES ('Studio Nem', 'Studio Nem');
INSERT INTO `dbanime`.`tbanimestudio` (`fldName`, `fldDescription`) VALUES ('Studio NOA', 'Studio NOA');
INSERT INTO `dbanime`.`tbanimestudio` (`fldName`, `fldDescription`) VALUES ('Studio Nue', 'Studio Nue');
INSERT INTO `dbanime`.`tbanimestudio` (`fldName`, `fldDescription`) VALUES ('Studio Pastoral', 'Studio Pastoral');
INSERT INTO `dbanime`.`tbanimestudio` (`fldName`, `fldDescription`) VALUES ('Studio Pierrot', 'Studio Pierrot');
INSERT INTO `dbanime`.`tbanimestudio` (`fldName`, `fldDescription`) VALUES ('Studio Ponoc', 'Studio Ponoc');
INSERT INTO `dbanime`.`tbanimestudio` (`fldName`, `fldDescription`) VALUES ('Studio PuYUKAI', 'Studio PuYUKAI');
INSERT INTO `dbanime`.`tbanimestudio` (`fldName`, `fldDescription`) VALUES ('Studio Rikka', 'Studio Rikka');
INSERT INTO `dbanime`.`tbanimestudio` (`fldName`, `fldDescription`) VALUES ('Studio Saki Makura', 'Studio Saki Makura');
INSERT INTO `dbanime`.`tbanimestudio` (`fldName`, `fldDescription`) VALUES ('Studio Sign', 'Studio Sign');
INSERT INTO `dbanime`.`tbanimestudio` (`fldName`, `fldDescription`) VALUES ('Studio Signal', 'Studio Signal');
INSERT INTO `dbanime`.`tbanimestudio` (`fldName`, `fldDescription`) VALUES ('Studio Take Off', 'Studio Take Off');
INSERT INTO `dbanime`.`tbanimestudio` (`fldName`, `fldDescription`) VALUES ('Studio Ten Carat', 'Studio Ten Carat');
INSERT INTO `dbanime`.`tbanimestudio` (`fldName`, `fldDescription`) VALUES ('Studio Tron', 'Studio Tron');
INSERT INTO `dbanime`.`tbanimestudio` (`fldName`, `fldDescription`) VALUES ('Studio Tulip', 'Studio Tulip');
INSERT INTO `dbanime`.`tbanimestudio` (`fldName`, `fldDescription`) VALUES ('Studio Unicorn', 'Studio Unicorn');
INSERT INTO `dbanime`.`tbanimestudio` (`fldName`, `fldDescription`) VALUES ('Studio VOLN', 'Studio VOLN');
INSERT INTO `dbanime`.`tbanimestudio` (`fldName`, `fldDescription`) VALUES ('Studio Wombat', 'Studio Wombat');
INSERT INTO `dbanime`.`tbanimestudio` (`fldName`, `fldDescription`) VALUES ('Studio World', 'Studio World');
INSERT INTO `dbanime`.`tbanimestudio` (`fldName`, `fldDescription`) VALUES ('Studio Z5', 'Studio Z5');
INSERT INTO `dbanime`.`tbanimestudio` (`fldName`, `fldDescription`) VALUES ('Studio Zain', 'Studio Zain');
INSERT INTO `dbanime`.`tbanimestudio` (`fldName`, `fldDescription`) VALUES ('Studio Zealot', 'Studio Zealot');
INSERT INTO `dbanime`.`tbanimestudio` (`fldName`, `fldDescription`) VALUES ('Studio Zero', 'Studio Zero');
INSERT INTO `dbanime`.`tbanimestudio` (`fldName`, `fldDescription`) VALUES ('Studio! Cucuri', 'Studio! Cucuri');
INSERT INTO `dbanime`.`tbanimestudio` (`fldName`, `fldDescription`) VALUES ('StudioRF Inc.', 'StudioRF Inc.');
INSERT INTO `dbanime`.`tbanimestudio` (`fldName`, `fldDescription`) VALUES ('Sugar Boy', 'Sugar Boy');
INSERT INTO `dbanime`.`tbanimestudio` (`fldName`, `fldDescription`) VALUES ('Sumitomo Corporation', 'Sumitomo Corporation');
INSERT INTO `dbanime`.`tbanimestudio` (`fldName`, `fldDescription`) VALUES ('Sunny Side Up', 'Sunny Side Up');
INSERT INTO `dbanime`.`tbanimestudio` (`fldName`, `fldDescription`) VALUES ('Sunrise', 'Sunrise');
INSERT INTO `dbanime`.`tbanimestudio` (`fldName`, `fldDescription`) VALUES ('Sunwoo Entertainment', 'Sunwoo Entertainment');
INSERT INTO `dbanime`.`tbanimestudio` (`fldName`, `fldDescription`) VALUES ('Super Techno Arts', 'Super Techno Arts');
INSERT INTO `dbanime`.`tbanimestudio` (`fldName`, `fldDescription`) VALUES ('Suzuki Mirano', 'Suzuki Mirano');
INSERT INTO `dbanime`.`tbanimestudio` (`fldName`, `fldDescription`) VALUES ('Synch-Point', 'Synch-Point');
INSERT INTO `dbanime`.`tbanimestudio` (`fldName`, `fldDescription`) VALUES ('Synergy Japan', 'Synergy Japan');
INSERT INTO `dbanime`.`tbanimestudio` (`fldName`, `fldDescription`) VALUES ('SynergySP', 'SynergySP');
INSERT INTO `dbanime`.`tbanimestudio` (`fldName`, `fldDescription`) VALUES ('T', 'T');
INSERT INTO `dbanime`.`tbanimestudio` (`fldName`, `fldDescription`) VALUES ('T-Rex', 'T-Rex');
INSERT INTO `dbanime`.`tbanimestudio` (`fldName`, `fldDescription`) VALUES ('T.O Entertainment', 'T.O Entertainment');
INSERT INTO `dbanime`.`tbanimestudio` (`fldName`, `fldDescription`) VALUES ('T.P.O', 'T.P.O');
INSERT INTO `dbanime`.`tbanimestudio` (`fldName`, `fldDescription`) VALUES ('Takahashi Studio', 'Takahashi Studio');
INSERT INTO `dbanime`.`tbanimestudio` (`fldName`, `fldDescription`) VALUES ('Takara', 'Takara');
INSERT INTO `dbanime`.`tbanimestudio` (`fldName`, `fldDescription`) VALUES ('Takara Tomy A.R.T.S', 'Takara Tomy A.R.T.S');
INSERT INTO `dbanime`.`tbanimestudio` (`fldName`, `fldDescription`) VALUES ('Takeshobo', 'Takeshobo');
INSERT INTO `dbanime`.`tbanimestudio` (`fldName`, `fldDescription`) VALUES ('TAKI Corporation', 'TAKI Corporation');
INSERT INTO `dbanime`.`tbanimestudio` (`fldName`, `fldDescription`) VALUES ('Tama Production', 'Tama Production');
INSERT INTO `dbanime`.`tbanimestudio` (`fldName`, `fldDescription`) VALUES ('Tamura Shigeru Studio', 'Tamura Shigeru Studio');
INSERT INTO `dbanime`.`tbanimestudio` (`fldName`, `fldDescription`) VALUES ('TAP', 'TAP');
INSERT INTO `dbanime`.`tbanimestudio` (`fldName`, `fldDescription`) VALUES ('Tasogare Otome?Amnesia Production Partners', 'Tasogare Otome?Amnesia Production Partners');
INSERT INTO `dbanime`.`tbanimestudio` (`fldName`, `fldDescription`) VALUES ('Tatsunoko Production', 'Tatsunoko Production');
INSERT INTO `dbanime`.`tbanimestudio` (`fldName`, `fldDescription`) VALUES ('TBS', 'TBS');
INSERT INTO `dbanime`.`tbanimestudio` (`fldName`, `fldDescription`) VALUES ('TC Entertainment', 'TC Entertainment');
INSERT INTO `dbanime`.`tbanimestudio` (`fldName`, `fldDescription`) VALUES ('TCJ', 'TCJ');
INSERT INTO `dbanime`.`tbanimestudio` (`fldName`, `fldDescription`) VALUES ('TEAM Entertainment Inc.', 'TEAM Entertainment Inc.');
INSERT INTO `dbanime`.`tbanimestudio` (`fldName`, `fldDescription`) VALUES ('teamKG', 'teamKG');
INSERT INTO `dbanime`.`tbanimestudio` (`fldName`, `fldDescription`) VALUES ('Techno Sound', 'Techno Sound');
INSERT INTO `dbanime`.`tbanimestudio` (`fldName`, `fldDescription`) VALUES ('Teichiku Entertainment', 'Teichiku Entertainment');
INSERT INTO `dbanime`.`tbanimestudio` (`fldName`, `fldDescription`) VALUES ('Tele-Cartoon Japan', 'Tele-Cartoon Japan');
INSERT INTO `dbanime`.`tbanimestudio` (`fldName`, `fldDescription`) VALUES ('Telecom Animation Film', 'Telecom Animation Film');
INSERT INTO `dbanime`.`tbanimestudio` (`fldName`, `fldDescription`) VALUES ('Telescreen BV', 'Telescreen BV');
INSERT INTO `dbanime`.`tbanimestudio` (`fldName`, `fldDescription`) VALUES ('Tencent Animation', 'Tencent Animation');
INSERT INTO `dbanime`.`tbanimestudio` (`fldName`, `fldDescription`) VALUES ('Tengu Koubou', 'Tengu Koubou');
INSERT INTO `dbanime`.`tbanimestudio` (`fldName`, `fldDescription`) VALUES ('Tezuka Productions', 'Tezuka Productions');
INSERT INTO `dbanime`.`tbanimestudio` (`fldName`, `fldDescription`) VALUES ('The Answer Studio', 'The Answer Studio');
INSERT INTO `dbanime`.`tbanimestudio` (`fldName`, `fldDescription`) VALUES ('The Berich', 'The Berich');
INSERT INTO `dbanime`.`tbanimestudio` (`fldName`, `fldDescription`) VALUES ('The National Film Center Japan', 'The National Film Center Japan');
INSERT INTO `dbanime`.`tbanimestudio` (`fldName`, `fldDescription`) VALUES ('The Pokemon Company International', 'The Pokemon Company International');
INSERT INTO `dbanime`.`tbanimestudio` (`fldName`, `fldDescription`) VALUES ('The Village of Marchen', 'The Village of Marchen');
INSERT INTO `dbanime`.`tbanimestudio` (`fldName`, `fldDescription`) VALUES ('Think Corporation', 'Think Corporation');
INSERT INTO `dbanime`.`tbanimestudio` (`fldName`, `fldDescription`) VALUES ('Three Fat Samurai', 'Three Fat Samurai');
INSERT INTO `dbanime`.`tbanimestudio` (`fldName`, `fldDescription`) VALUES ('Tin House', 'Tin House');
INSERT INTO `dbanime`.`tbanimestudio` (`fldName`, `fldDescription`) VALUES ('TMS Entertainment', 'TMS Entertainment');
INSERT INTO `dbanime`.`tbanimestudio` (`fldName`, `fldDescription`) VALUES ('TMS-Kyokuchi', 'TMS-Kyokuchi');
INSERT INTO `dbanime`.`tbanimestudio` (`fldName`, `fldDescription`) VALUES ('TNK', 'TNK');
INSERT INTO `dbanime`.`tbanimestudio` (`fldName`, `fldDescription`) VALUES ('Toei Animation', 'Toei Animation');
INSERT INTO `dbanime`.`tbanimestudio` (`fldName`, `fldDescription`) VALUES ('Toei Video', 'Toei Video');
INSERT INTO `dbanime`.`tbanimestudio` (`fldName`, `fldDescription`) VALUES ('TOHO animation', 'TOHO animation');
INSERT INTO `dbanime`.`tbanimestudio` (`fldName`, `fldDescription`) VALUES ('Toho Company', 'Toho Company');
INSERT INTO `dbanime`.`tbanimestudio` (`fldName`, `fldDescription`) VALUES ('Tohokushinsha Film Corporation', 'Tohokushinsha Film Corporation');
INSERT INTO `dbanime`.`tbanimestudio` (`fldName`, `fldDescription`) VALUES ('Tokai Television', 'Tokai Television');
INSERT INTO `dbanime`.`tbanimestudio` (`fldName`, `fldDescription`) VALUES ('Tokuma Japan', 'Tokuma Japan');
INSERT INTO `dbanime`.`tbanimestudio` (`fldName`, `fldDescription`) VALUES ('Tokuma Japan Communications', 'Tokuma Japan Communications');
INSERT INTO `dbanime`.`tbanimestudio` (`fldName`, `fldDescription`) VALUES ('Tokuma Shoten', 'Tokuma Shoten');
INSERT INTO `dbanime`.`tbanimestudio` (`fldName`, `fldDescription`) VALUES ('Tokyo Animation Film', 'Tokyo Animation Film');
INSERT INTO `dbanime`.`tbanimestudio` (`fldName`, `fldDescription`) VALUES ('Tokyo Kids', 'Tokyo Kids');
INSERT INTO `dbanime`.`tbanimestudio` (`fldName`, `fldDescription`) VALUES ('Tokyo Media Connections', 'Tokyo Media Connections');
INSERT INTO `dbanime`.`tbanimestudio` (`fldName`, `fldDescription`) VALUES ('Tokyo Movie Shinsha', 'Tokyo Movie Shinsha');
INSERT INTO `dbanime`.`tbanimestudio` (`fldName`, `fldDescription`) VALUES ('Tokyo MX', 'Tokyo MX');
INSERT INTO `dbanime`.`tbanimestudio` (`fldName`, `fldDescription`) VALUES ('Tokyo Theatres Company', 'Tokyo Theatres Company');
INSERT INTO `dbanime`.`tbanimestudio` (`fldName`, `fldDescription`) VALUES ('TOKYOPOP', 'TOKYOPOP');
INSERT INTO `dbanime`.`tbanimestudio` (`fldName`, `fldDescription`) VALUES ('Tokyu Recreation', 'Tokyu Recreation');
INSERT INTO `dbanime`.`tbanimestudio` (`fldName`, `fldDescription`) VALUES ('Tomason', 'Tomason');
INSERT INTO `dbanime`.`tbanimestudio` (`fldName`, `fldDescription`) VALUES ('Tomovies', 'Tomovies');
INSERT INTO `dbanime`.`tbanimestudio` (`fldName`, `fldDescription`) VALUES ('Tomoyasu Murata Company', 'Tomoyasu Murata Company');
INSERT INTO `dbanime`.`tbanimestudio` (`fldName`, `fldDescription`) VALUES ('TOMY Company', 'TOMY Company');
INSERT INTO `dbanime`.`tbanimestudio` (`fldName`, `fldDescription`) VALUES ('Tonko House', 'Tonko House');
INSERT INTO `dbanime`.`tbanimestudio` (`fldName`, `fldDescription`) VALUES ('Topcraft', 'Topcraft');
INSERT INTO `dbanime`.`tbanimestudio` (`fldName`, `fldDescription`) VALUES ('Toranoana', 'Toranoana');
INSERT INTO `dbanime`.`tbanimestudio` (`fldName`, `fldDescription`) VALUES ('Toshiba EMI', 'Toshiba EMI');
INSERT INTO `dbanime`.`tbanimestudio` (`fldName`, `fldDescription`) VALUES ('Toshiba Entertainment', 'Toshiba Entertainment');
INSERT INTO `dbanime`.`tbanimestudio` (`fldName`, `fldDescription`) VALUES ('Toshima Entertainment', 'Toshima Entertainment');
INSERT INTO `dbanime`.`tbanimestudio` (`fldName`, `fldDescription`) VALUES ('Toy\'s Factory', 'Toy\'s Factory');
INSERT INTO `dbanime`.`tbanimestudio` (`fldName`, `fldDescription`) VALUES ('Trans Arts', 'Trans Arts');
INSERT INTO `dbanime`.`tbanimestudio` (`fldName`, `fldDescription`) VALUES ('Trans Cosmos', 'Trans Cosmos');
INSERT INTO `dbanime`.`tbanimestudio` (`fldName`, `fldDescription`) VALUES ('Tri-Slash', 'Tri-Slash');
INSERT INTO `dbanime`.`tbanimestudio` (`fldName`, `fldDescription`) VALUES ('Triangle Staff', 'Triangle Staff');
INSERT INTO `dbanime`.`tbanimestudio` (`fldName`, `fldDescription`) VALUES ('Trick Block', 'Trick Block');
INSERT INTO `dbanime`.`tbanimestudio` (`fldName`, `fldDescription`) VALUES ('Trigger', 'Trigger');
INSERT INTO `dbanime`.`tbanimestudio` (`fldName`, `fldDescription`) VALUES ('Trilogy Future Studio', 'Trilogy Future Studio');
INSERT INTO `dbanime`.`tbanimestudio` (`fldName`, `fldDescription`) VALUES ('Trinet Entertainment', 'Trinet Entertainment');
INSERT INTO `dbanime`.`tbanimestudio` (`fldName`, `fldDescription`) VALUES ('Trinity Sound', 'Trinity Sound');
INSERT INTO `dbanime`.`tbanimestudio` (`fldName`, `fldDescription`) VALUES ('Triple X', 'Triple X');
INSERT INTO `dbanime`.`tbanimestudio` (`fldName`, `fldDescription`) VALUES ('TROYCA', 'TROYCA');
INSERT INTO `dbanime`.`tbanimestudio` (`fldName`, `fldDescription`) VALUES ('Tsubasa Entertainment', 'Tsubasa Entertainment');
INSERT INTO `dbanime`.`tbanimestudio` (`fldName`, `fldDescription`) VALUES ('Tsuburaya Productions', 'Tsuburaya Productions');
INSERT INTO `dbanime`.`tbanimestudio` (`fldName`, `fldDescription`) VALUES ('Tsuchida Productions', 'Tsuchida Productions');
INSERT INTO `dbanime`.`tbanimestudio` (`fldName`, `fldDescription`) VALUES ('tsuritama partners', 'tsuritama partners');
INSERT INTO `dbanime`.`tbanimestudio` (`fldName`, `fldDescription`) VALUES ('TUBA', 'TUBA');
INSERT INTO `dbanime`.`tbanimestudio` (`fldName`, `fldDescription`) VALUES ('TV Aichi', 'TV Aichi');
INSERT INTO `dbanime`.`tbanimestudio` (`fldName`, `fldDescription`) VALUES ('TV Asahi', 'TV Asahi');
INSERT INTO `dbanime`.`tbanimestudio` (`fldName`, `fldDescription`) VALUES ('TV Osaka', 'TV Osaka');
INSERT INTO `dbanime`.`tbanimestudio` (`fldName`, `fldDescription`) VALUES ('TV Setouchi', 'TV Setouchi');
INSERT INTO `dbanime`.`tbanimestudio` (`fldName`, `fldDescription`) VALUES ('TV Tokyo', 'TV Tokyo');
INSERT INTO `dbanime`.`tbanimestudio` (`fldName`, `fldDescription`) VALUES ('TV Tokyo Music', 'TV Tokyo Music');
INSERT INTO `dbanime`.`tbanimestudio` (`fldName`, `fldDescription`) VALUES ('TYO', 'TYO');
INSERT INTO `dbanime`.`tbanimestudio` (`fldName`, `fldDescription`) VALUES ('TYO Animations', 'TYO Animations');
INSERT INTO `dbanime`.`tbanimestudio` (`fldName`, `fldDescription`) VALUES ('TYPHOON GRAPHICS', 'TYPHOON GRAPHICS');
INSERT INTO `dbanime`.`tbanimestudio` (`fldName`, `fldDescription`) VALUES ('U', 'U');
INSERT INTO `dbanime`.`tbanimestudio` (`fldName`, `fldDescription`) VALUES ('U/M/A/A Inc.', 'U/M/A/A Inc.');
INSERT INTO `dbanime`.`tbanimestudio` (`fldName`, `fldDescription`) VALUES ('ufotable', 'ufotable');
INSERT INTO `dbanime`.`tbanimestudio` (`fldName`, `fldDescription`) VALUES ('Ultra Super Pictures', 'Ultra Super Pictures');
INSERT INTO `dbanime`.`tbanimestudio` (`fldName`, `fldDescription`) VALUES ('UM Productions', 'UM Productions');
INSERT INTO `dbanime`.`tbanimestudio` (`fldName`, `fldDescription`) VALUES ('Union Cho', 'Union Cho');
INSERT INTO `dbanime`.`tbanimestudio` (`fldName`, `fldDescription`) VALUES ('Universal Music Japan', 'Universal Music Japan');
INSERT INTO `dbanime`.`tbanimestudio` (`fldName`, `fldDescription`) VALUES ('Universal Pictures Japan', 'Universal Pictures Japan');
INSERT INTO `dbanime`.`tbanimestudio` (`fldName`, `fldDescription`) VALUES ('Universal Radio Studio', 'Universal Radio Studio');
INSERT INTO `dbanime`.`tbanimestudio` (`fldName`, `fldDescription`) VALUES ('Universal Studios', 'Universal Studios');
INSERT INTO `dbanime`.`tbanimestudio` (`fldName`, `fldDescription`) VALUES ('UNLIMITED Partners', 'UNLIMITED Partners');
INSERT INTO `dbanime`.`tbanimestudio` (`fldName`, `fldDescription`) VALUES ('Urban Vision', 'Urban Vision');
INSERT INTO `dbanime`.`tbanimestudio` (`fldName`, `fldDescription`) VALUES ('Usagi.Ou', 'Usagi.Ou');
INSERT INTO `dbanime`.`tbanimestudio` (`fldName`, `fldDescription`) VALUES ('V', 'V');
INSERT INTO `dbanime`.`tbanimestudio` (`fldName`, `fldDescription`) VALUES ('Valkyria', 'Valkyria');
INSERT INTO `dbanime`.`tbanimestudio` (`fldName`, `fldDescription`) VALUES ('VAP', 'VAP');
INSERT INTO `dbanime`.`tbanimestudio` (`fldName`, `fldDescription`) VALUES ('Vasoon Animation', 'Vasoon Animation');
INSERT INTO `dbanime`.`tbanimestudio` (`fldName`, `fldDescription`) VALUES ('Vega Entertainment', 'Vega Entertainment');
INSERT INTO `dbanime`.`tbanimestudio` (`fldName`, `fldDescription`) VALUES ('Venet', 'Venet');
INSERT INTO `dbanime`.`tbanimestudio` (`fldName`, `fldDescription`) VALUES ('Venus Vangard', 'Venus Vangard');
INSERT INTO `dbanime`.`tbanimestudio` (`fldName`, `fldDescription`) VALUES ('Victor Entertainment', 'Victor Entertainment');
INSERT INTO `dbanime`.`tbanimestudio` (`fldName`, `fldDescription`) VALUES ('View Works', 'View Works');
INSERT INTO `dbanime`.`tbanimestudio` (`fldName`, `fldDescription`) VALUES ('Viki', 'Viki');
INSERT INTO `dbanime`.`tbanimestudio` (`fldName`, `fldDescription`) VALUES ('Visual 80', 'Visual 80');
INSERT INTO `dbanime`.`tbanimestudio` (`fldName`, `fldDescription`) VALUES ('Visual Art\'s', 'Visual Art\'s');
INSERT INTO `dbanime`.`tbanimestudio` (`fldName`, `fldDescription`) VALUES ('Visual Vision', 'Visual Vision');
INSERT INTO `dbanime`.`tbanimestudio` (`fldName`, `fldDescription`) VALUES ('Viz Media', 'Viz Media');
INSERT INTO `dbanime`.`tbanimestudio` (`fldName`, `fldDescription`) VALUES ('Volks', 'Volks');
INSERT INTO `dbanime`.`tbanimestudio` (`fldName`, `fldDescription`) VALUES ('W', 'W');
INSERT INTO `dbanime`.`tbanimestudio` (`fldName`, `fldDescription`) VALUES ('W-Toon Studio', 'W-Toon Studio');
INSERT INTO `dbanime`.`tbanimestudio` (`fldName`, `fldDescription`) VALUES ('Wako Productions', 'Wako Productions');
INSERT INTO `dbanime`.`tbanimestudio` (`fldName`, `fldDescription`) VALUES ('Walkers Company', 'Walkers Company');
INSERT INTO `dbanime`.`tbanimestudio` (`fldName`, `fldDescription`) VALUES ('Walt Disney Studios', 'Walt Disney Studios');
INSERT INTO `dbanime`.`tbanimestudio` (`fldName`, `fldDescription`) VALUES ('WAO World', 'WAO World');
INSERT INTO `dbanime`.`tbanimestudio` (`fldName`, `fldDescription`) VALUES ('Warner Bros.', 'Warner Bros.');
INSERT INTO `dbanime`.`tbanimestudio` (`fldName`, `fldDescription`) VALUES ('Warner Music Japan', 'Warner Music Japan');
INSERT INTO `dbanime`.`tbanimestudio` (`fldName`, `fldDescription`) VALUES ('WField', 'WField');
INSERT INTO `dbanime`.`tbanimestudio` (`fldName`, `fldDescription`) VALUES ('White Bear', 'White Bear');
INSERT INTO `dbanime`.`tbanimestudio` (`fldName`, `fldDescription`) VALUES ('White Fox', 'White Fox');
INSERT INTO `dbanime`.`tbanimestudio` (`fldName`, `fldDescription`) VALUES ('Wit Studio', 'Wit Studio');
INSERT INTO `dbanime`.`tbanimestudio` (`fldName`, `fldDescription`) VALUES ('Wonder Kids', 'Wonder Kids');
INSERT INTO `dbanime`.`tbanimestudio` (`fldName`, `fldDescription`) VALUES ('WOWOW', 'WOWOW');
INSERT INTO `dbanime`.`tbanimestudio` (`fldName`, `fldDescription`) VALUES ('X', 'X');
INSERT INTO `dbanime`.`tbanimestudio` (`fldName`, `fldDescription`) VALUES ('Xebec', 'Xebec');
INSERT INTO `dbanime`.`tbanimestudio` (`fldName`, `fldDescription`) VALUES ('Xebec Zwei', 'Xebec Zwei');
INSERT INTO `dbanime`.`tbanimestudio` (`fldName`, `fldDescription`) VALUES ('Y', 'Y');
INSERT INTO `dbanime`.`tbanimestudio` (`fldName`, `fldDescription`) VALUES ('Y.O.U.C', 'Y.O.U.C');
INSERT INTO `dbanime`.`tbanimestudio` (`fldName`, `fldDescription`) VALUES ('Yahoo! Japan', 'Yahoo! Japan');
INSERT INTO `dbanime`.`tbanimestudio` (`fldName`, `fldDescription`) VALUES ('Yamamura Animation, Inc.', 'Yamamura Animation, Inc.');
INSERT INTO `dbanime`.`tbanimestudio` (`fldName`, `fldDescription`) VALUES ('Yamato Works', 'Yamato Works');
INSERT INTO `dbanime`.`tbanimestudio` (`fldName`, `fldDescription`) VALUES ('Yaoqi', 'Yaoqi');
INSERT INTO `dbanime`.`tbanimestudio` (`fldName`, `fldDescription`) VALUES ('Yellow Film', 'Yellow Film');
INSERT INTO `dbanime`.`tbanimestudio` (`fldName`, `fldDescription`) VALUES ('Yomiko Advertising', 'Yomiko Advertising');
INSERT INTO `dbanime`.`tbanimestudio` (`fldName`, `fldDescription`) VALUES ('Yomiuri Advertising', 'Yomiuri Advertising');
INSERT INTO `dbanime`.`tbanimestudio` (`fldName`, `fldDescription`) VALUES ('Yomiuri Telecasting Corporation', 'Yomiuri Telecasting Corporation');
INSERT INTO `dbanime`.`tbanimestudio` (`fldName`, `fldDescription`) VALUES ('Yomiuri TV Enterprise', 'Yomiuri TV Enterprise');
INSERT INTO `dbanime`.`tbanimestudio` (`fldName`, `fldDescription`) VALUES ('Yoon\'s Color', 'Yoon\'s Color');
INSERT INTO `dbanime`.`tbanimestudio` (`fldName`, `fldDescription`) VALUES ('Youmex', 'Youmex');
INSERT INTO `dbanime`.`tbanimestudio` (`fldName`, `fldDescription`) VALUES ('YTV', 'YTV');
INSERT INTO `dbanime`.`tbanimestudio` (`fldName`, `fldDescription`) VALUES ('Yumeta Company', 'Yumeta Company');
INSERT INTO `dbanime`.`tbanimestudio` (`fldName`, `fldDescription`) VALUES ('Z', 'Z');
INSERT INTO `dbanime`.`tbanimestudio` (`fldName`, `fldDescription`) VALUES ('Zack Promotion', 'Zack Promotion');
INSERT INTO `dbanime`.`tbanimestudio` (`fldName`, `fldDescription`) VALUES ('ZERO-A', 'ZERO-A');
INSERT INTO `dbanime`.`tbanimestudio` (`fldName`, `fldDescription`) VALUES ('Zero-G', 'Zero-G');
INSERT INTO `dbanime`.`tbanimestudio` (`fldName`, `fldDescription`) VALUES ('Zero-G Room', 'Zero-G Room');
INSERT INTO `dbanime`.`tbanimestudio` (`fldName`, `fldDescription`) VALUES ('Zexcs', 'Zexcs');
INSERT INTO `dbanime`.`tbanimestudio` (`fldName`, `fldDescription`) VALUES ('ZIZ Entertainment', 'ZIZ Entertainment');
INSERT INTO `dbanime`.`tbanimestudio` (`fldName`, `fldDescription`) VALUES ('ZOOM ENTERPRISE', 'ZOOM ENTERPRISE');
INSERT INTO `dbanime`.`tbanimestudio` (`fldName`, `fldDescription`) VALUES ('Zyc', 'Zyc');

create table dbANIME.tbANIMEGenre(
	 id INT NOT NULL AUTO_INCREMENT PRIMARY KEY,
     fldName VARCHAR(1023) NOT NULL,
     fldDescription VARCHAR(1023)
);

INSERT INTO `dbanime`.`tbanimegenre` (`fldName`, `fldDescription`) VALUES ('Action', 'Action');
INSERT INTO `dbanime`.`tbanimegenre` (`fldName`, `fldDescription`) VALUES ('Adventure', 'Adventure');
INSERT INTO `dbanime`.`tbanimegenre` (`fldName`, `fldDescription`) VALUES ('Cars', 'Cars');
INSERT INTO `dbanime`.`tbanimegenre` (`fldName`, `fldDescription`) VALUES ('Comedy', 'Comedy');
INSERT INTO `dbanime`.`tbanimegenre` (`fldName`, `fldDescription`) VALUES ('Dementia', 'Dementia');
INSERT INTO `dbanime`.`tbanimegenre` (`fldName`, `fldDescription`) VALUES ('Demons', 'Demons');
INSERT INTO `dbanime`.`tbanimegenre` (`fldName`, `fldDescription`) VALUES ('Drama', 'Drama');
INSERT INTO `dbanime`.`tbanimegenre` (`fldName`, `fldDescription`) VALUES ('Ecchi', 'Ecchi');
INSERT INTO `dbanime`.`tbanimegenre` (`fldName`, `fldDescription`) VALUES ('Fantasy', 'Fantasy');
INSERT INTO `dbanime`.`tbanimegenre` (`fldName`, `fldDescription`) VALUES ('Game', 'Game');
INSERT INTO `dbanime`.`tbanimegenre` (`fldName`, `fldDescription`) VALUES ('Harem', 'Harem');
INSERT INTO `dbanime`.`tbanimegenre` (`fldName`, `fldDescription`) VALUES ('Hentai', 'Hentai');
INSERT INTO `dbanime`.`tbanimegenre` (`fldName`, `fldDescription`) VALUES ('Historical', 'Historical');
INSERT INTO `dbanime`.`tbanimegenre` (`fldName`, `fldDescription`) VALUES ('Horror', 'Horror');
INSERT INTO `dbanime`.`tbanimegenre` (`fldName`, `fldDescription`) VALUES ('Josei', 'Josei');
INSERT INTO `dbanime`.`tbanimegenre` (`fldName`, `fldDescription`) VALUES ('Kids', 'Kids');
INSERT INTO `dbanime`.`tbanimegenre` (`fldName`, `fldDescription`) VALUES ('Magic', 'Magic');
INSERT INTO `dbanime`.`tbanimegenre` (`fldName`, `fldDescription`) VALUES ('Martial Arts', 'Martial Arts');
INSERT INTO `dbanime`.`tbanimegenre` (`fldName`, `fldDescription`) VALUES ('Mecha', 'Mecha');
INSERT INTO `dbanime`.`tbanimegenre` (`fldName`, `fldDescription`) VALUES ('Military', 'Military');
INSERT INTO `dbanime`.`tbanimegenre` (`fldName`, `fldDescription`) VALUES ('Music', 'Music');
INSERT INTO `dbanime`.`tbanimegenre` (`fldName`, `fldDescription`) VALUES ('Mystery', 'Mystery');
INSERT INTO `dbanime`.`tbanimegenre` (`fldName`, `fldDescription`) VALUES ('Parody', 'Parody');
INSERT INTO `dbanime`.`tbanimegenre` (`fldName`, `fldDescription`) VALUES ('Police', 'Police');
INSERT INTO `dbanime`.`tbanimegenre` (`fldName`, `fldDescription`) VALUES ('Psychological', 'Psychological');
INSERT INTO `dbanime`.`tbanimegenre` (`fldName`, `fldDescription`) VALUES ('Romance', 'Romance');
INSERT INTO `dbanime`.`tbanimegenre` (`fldName`, `fldDescription`) VALUES ('Samurai', 'Samurai');
INSERT INTO `dbanime`.`tbanimegenre` (`fldName`, `fldDescription`) VALUES ('School', 'School');
INSERT INTO `dbanime`.`tbanimegenre` (`fldName`, `fldDescription`) VALUES ('Sci-Fi', 'Sci-Fi');
INSERT INTO `dbanime`.`tbanimegenre` (`fldName`, `fldDescription`) VALUES ('Seinen', 'Seinen');
INSERT INTO `dbanime`.`tbanimegenre` (`fldName`, `fldDescription`) VALUES ('Shoujo', 'Shoujo');
INSERT INTO `dbanime`.`tbanimegenre` (`fldName`, `fldDescription`) VALUES ('Shoujo Ai', 'Shoujo Ai');
INSERT INTO `dbanime`.`tbanimegenre` (`fldName`, `fldDescription`) VALUES ('Shounen', 'Shounen');
INSERT INTO `dbanime`.`tbanimegenre` (`fldName`, `fldDescription`) VALUES ('Shounen Ai', 'Shounen Ai');
INSERT INTO `dbanime`.`tbanimegenre` (`fldName`, `fldDescription`) VALUES ('Slice of Life', 'Slice of Life');
INSERT INTO `dbanime`.`tbanimegenre` (`fldName`, `fldDescription`) VALUES ('Space', 'Space');
INSERT INTO `dbanime`.`tbanimegenre` (`fldName`, `fldDescription`) VALUES ('Sports', 'Sports');
INSERT INTO `dbanime`.`tbanimegenre` (`fldName`, `fldDescription`) VALUES ('Super Power', 'Super Power');
INSERT INTO `dbanime`.`tbanimegenre` (`fldName`, `fldDescription`) VALUES ('Supernatural', 'Supernatural');
INSERT INTO `dbanime`.`tbanimegenre` (`fldName`, `fldDescription`) VALUES ('Thriller', 'Thriller');
INSERT INTO `dbanime`.`tbanimegenre` (`fldName`, `fldDescription`) VALUES ('Vampire', 'Vampire');
INSERT INTO `dbanime`.`tbanimegenre` (`fldName`, `fldDescription`) VALUES ('Yaoi', 'Yaoi');
INSERT INTO `dbanime`.`tbanimegenre` (`fldName`, `fldDescription`) VALUES ('Yuri', 'Yuri');

create table dbANIME.tbANIMERate(
	 id INT NOT NULL AUTO_INCREMENT PRIMARY KEY,
     fldName VARCHAR(1023) NOT NULL,
     fldDescription VARCHAR(1023)
);

INSERT INTO `dbanime`.`tbanimerate` (`id`, `fldName`, `fldDescription`) VALUES ('1', 'G', 'All ages');
INSERT INTO `dbanime`.`tbanimerate` (`id`, `fldName`, `fldDescription`) VALUES ('2', 'PG', 'Children');
INSERT INTO `dbanime`.`tbanimerate` (`id`, `fldName`, `fldDescription`) VALUES ('3', 'PG-13', 'Teen 13 or older');
INSERT INTO `dbanime`.`tbanimerate` (`id`, `fldName`, `fldDescription`) VALUES ('4', 'R', '17+ (violence & profanity)');
INSERT INTO `dbanime`.`tbanimerate` (`id`, `fldName`, `fldDescription`) VALUES ('5', 'R+', 'Mild Nudity');
INSERT INTO `dbanime`.`tbanimerate` (`id`, `fldName`, `fldDescription`) VALUES ('6', 'Rx', 'Hentai');


create table dbANIME.tbANIMEOrigin(
	 id INT NOT NULL AUTO_INCREMENT PRIMARY KEY,
     fldName VARCHAR(1023) NOT NULL,
     fldDescription VARCHAR(1023)
);

INSERT INTO `dbanime`.`tbanimeorigin` (`id`, `fldName`, `fldDescription`) VALUES ('1', 'Manga', 'Manga');
INSERT INTO `dbanime`.`tbanimeorigin` (`id`, `fldName`, `fldDescription`) VALUES ('2', 'Ranobe', 'Ranobe');
INSERT INTO `dbanime`.`tbanimeorigin` (`id`, `fldName`, `fldDescription`) VALUES ('3', 'Novel', 'Novel');

create table dbANIME.tbANIMEType(
	 id INT NOT NULL AUTO_INCREMENT PRIMARY KEY,
     fldName VARCHAR(1023) NOT NULL,
     fldDescription VARCHAR(1023)
);

INSERT INTO `dbanime`.`tbanimetype` (`id`, `fldName`, `fldDescription`) VALUES ('1', 'TV', 'TV description');
INSERT INTO `dbanime`.`tbanimetype` (`id`, `fldName`, `fldDescription`) VALUES ('2', 'OVA', 'OVA description');
INSERT INTO `dbanime`.`tbanimetype` (`id`, `fldName`, `fldDescription`) VALUES ('3', 'Special', 'Special description');
INSERT INTO `dbanime`.`tbanimetype` (`id`, `fldName`, `fldDescription`) VALUES ('4', 'Movie', 'Movie description');


